axis,bucket,count,mean_max_emotion_probability,std_max_emotion_probability,mean_prob_admiration,std_prob_admiration,mean_prob_amusement,std_prob_amusement,mean_prob_anger,std_prob_anger,mean_prob_annoyance,std_prob_annoyance,mean_prob_approval,std_prob_approval,mean_prob_caring,std_prob_caring,mean_prob_confusion,std_prob_confusion,mean_prob_curiosity,std_prob_curiosity,mean_prob_desire,std_prob_desire,mean_prob_disappointment,std_prob_disappointment,mean_prob_disapproval,std_prob_disapproval,mean_prob_disgust,std_prob_disgust,mean_prob_embarrassment,std_prob_embarrassment,mean_prob_excitement,std_prob_excitement,mean_prob_fear,std_prob_fear,mean_prob_gratitude,std_prob_gratitude,mean_prob_grief,std_prob_grief,mean_prob_joy,std_prob_joy,mean_prob_love,std_prob_love,mean_prob_nervousness,std_prob_nervousness,mean_prob_optimism,std_prob_optimism,mean_prob_pride,std_prob_pride,mean_prob_realization,std_prob_realization,mean_prob_relief,std_prob_relief,mean_prob_remorse,std_prob_remorse,mean_prob_sadness,std_prob_sadness,mean_prob_surprise,std_prob_surprise,mean_prob_neutral,std_prob_neutral
gender,American_actors,865,0.639928698074611,0.15104024269304464,0.1544700865154666,0.18943377422489202,0.010124542424724454,0.04642255389839492,0.0008948453238390041,0.0013165428972826895,0.004142264399483714,0.0035819031129442026,0.1500394054903848,0.07279614085279663,0.002540110188672276,0.004807196912047461,0.004762212164576214,0.03650207383274894,0.004952957081161655,0.04486333989799773,0.001680763540627984,0.0014111898903995058,0.008970309034086807,0.016782762834530403,0.0038933316660194383,0.008246969529287428,0.002140466611182339,0.002211610151834035,0.0015662346668965372,0.0016727168465079136,0.005977342656316946,0.028324894491115898,0.0024983207103352174,0.004982645853220297,0.006672557312665464,0.04511371836285461,0.0037669032136674143,0.011743050787874972,0.011409749488771565,0.04689530373542541,0.004753196533336008,0.008475583071332799,0.0011731718161235552,0.003928129326187356,0.0053716608130701445,0.00591880385004615,0.004811042286056925,0.0052848542496895705,0.06223815388686826,0.0384536873809583,0.003425464853311275,0.003513413823586181,0.0013748931534476633,0.002233420856931415,0.039377710041845745,0.13069069306179676,0.0033143524013895735,0.02198998984050846,0.5830121140076504,0.2019914215323392
gender,American_actresses,488,0.6332561066221507,0.16390439003497834,0.2436822964392362,0.2698999852545063,0.007511438409519691,0.03631598884010678,0.0010733296599102658,0.003459154544611105,0.004816822388226579,0.012626969503162139,0.15357528641709264,0.08239238732698466,0.004265636937682265,0.036859195959076906,0.004497152582368218,0.021997394018862394,0.009474469390118086,0.05646243348668361,0.0021628715230541332,0.004823355141024986,0.008834253094630453,0.0202019556976193,0.00582147895925789,0.027938532242045937,0.002122286970170833,0.003523641937642305,0.0014790688699457726,0.0013374641125755934,0.013230862719537386,0.05935606186504298,0.0031020534539105728,0.02035482880530974,0.004619837772508141,0.004781948873282568,0.0028196187311431324,0.009239318172344892,0.01568842121935736,0.05402440069568492,0.011378553895170984,0.04689419354125269,0.0009788883479083525,0.0017377924498876438,0.006627905023900685,0.02847246787539559,0.006224488099685347,0.006386694600588551,0.05710381954158351,0.038116032167229516,0.0034424379209667677,0.003426158070716749,0.0011396458906600573,0.0015522651369768113,0.025227809906102235,0.09446920206833477,0.003317480206682316,0.006635620267727387,0.5078671567531333,0.23642865078174904
political_ideology,anarchism,67,0.7637291541740076,0.1082013175869746,0.0142578672271903,0.03555523173005848,0.0011743701744213032,0.0007996894748898739,0.001238887715188147,0.0010994346477752259,0.012461372845764481,0.019624615259505773,0.17241860124101835,0.11753854324008856,0.0015244215184739276,0.0014432570947291775,0.006940495827471587,0.012229337818490024,0.014304887765754403,0.10719712630782138,0.0019732200533652037,0.003805006363294218,0.010342751212640484,0.033506898604983425,0.028139629335239974,0.07108544560439561,0.0016948492648497001,0.000998346115336178,0.0008075110920107187,0.000743990609791659,0.0015252716105201962,0.0036956727532192995,0.0009295312212536862,0.0005270120039745008,0.0012418337182816008,0.001283213603028304,0.00037185693704418893,0.00022612640903217114,0.001675648174297287,0.0019332477590571307,0.0011722212561767603,0.0009179318449424058,0.0005467677597085069,0.00043985587508005964,0.0087695007747623,0.006850996724591078,0.0010643467353135625,0.0014400909122974492,0.08336191007923056,0.06961041116760378,0.0014082885437658919,0.0014233052014080234,0.0005131525588273975,0.0003569159996011592,0.002196928600905769,0.003264632079471231,0.001042531982217151,0.0010527797054684235,0.7465204527573799,0.1476861682229498
political_ideology,capitalism,37,0.7674718338090021,0.160469651587222,0.004854780923877214,0.006225977857507071,0.0010922294923393812,0.0005470793448960001,0.0020333142129930894,0.00482222489922057,0.020871811955412094,0.048454965403279204,0.1601378878930936,0.13309674688840378,0.003242008684586885,0.006655296487863373,0.005704944808589849,0.007785602875767929,0.001895218513389999,0.004364063900700703,0.0021769523123480582,0.0023951032180951565,0.023236758799317317,0.06873959008395714,0.02226360184392212,0.046654533316137475,0.0019779886619338918,0.0022046046613279874,0.0009673369798268115,0.0012927059194961746,0.0009954754661177158,0.0006704627114307648,0.0008379890932701528,0.00037914024105126346,0.0009860603321293318,0.0007377990197453239,0.00039427745434442987,0.00028244884589640796,0.0013893684340842269,0.0012296811222790862,0.0011528233849644862,0.0004706300155197194,0.000578753520007799,0.0004922862696414929,0.012782782945479895,0.018300961765265255,0.0007121005001937266,0.0006802954115347428,0.06922880046673723,0.06738560819923853,0.0014141432074137737,0.0014843871535739565,0.0006892231699689669,0.0008158533251772446,0.003993769344634603,0.008780724512128269,0.0009808039962867828,0.0010252190585564771,0.7591784487704973,0.1775441732301918
political_ideology,communism,55,0.7606404510411349,0.12155304123723981,0.016142363429323518,0.07938830469177163,0.0013476767259734599,0.0008181382656323377,0.0009954484010284597,0.0004238733126192372,0.008683842530643398,0.00474901506991856,0.1532872414555062,0.08714712384952054,0.0013801565721885047,0.0007729321303988726,0.011824674842963841,0.039240873043622074,0.0021419136896094477,0.006248164708048127,0.0043013608739288015,0.015007494688022057,0.011822461612014609,0.020726619394375968,0.011534029482440516,0.01734964539184166,0.001625243460082195,0.0005714693344198664,0.001134018171896142,0.0014794971742959299,0.0016723940180699256,0.001769632059764133,0.0028254227178298274,0.011964289212474511,0.0009267846032426778,0.0006136278622228778,0.0006570253436538306,0.0009956126233777933,0.0025079110891304233,0.0031248370903068277,0.0012304399215446954,0.0005353253457287811,0.001461101197955114,0.003239021806313911,0.013528941569595852,0.021914939178290502,0.0010360620048066433,0.0010606964198174576,0.11326865749433637,0.1277733200534004,0.002197593991877511,0.0032376248750267097,0.0006647839898836207,0.0007179770485836782,0.0070063964453187175,0.019582775713569846,0.0015344807756429708,0.0016235866181719383,0.7501215685497631,0.1448059859396321
political_ideology,conservatism,39,0.7527575997205881,0.12248735432700006,0.019539037423853118,0.07238618067906827,0.0008513962526101237,0.0004420429180809511,0.0008804007412459797,0.00036272149262867287,0.006929321286196892,0.004295053633596299,0.22204415901349142,0.143160654121164,0.003248198413087103,0.004919900425737777,0.007185920702818877,0.008177965923039274,0.0014395144490453487,0.0017175779553327752,0.003275135348443515,0.008542352893491277,0.005319355485531,0.004102450062144591,0.01737947975142071,0.030591491262016712,0.0013320378195016813,0.000494077282732615,0.000607411187210789,0.0006125101861388032,0.001090262188928393,0.0017645502787907693,0.0009129816876688543,0.0010135474567224574,0.0014185803249860422,0.0017103693571421696,0.0003865407212661245,0.0005692293973893999,0.0015829050538834566,0.003124782082248721,0.001434647746813985,0.0005790945128281074,0.0005309916678248929,0.0005052218322375928,0.016459964394855957,0.024733669225155946,0.0036479699685095022,0.018202266412611603,0.07222735676436852,0.05688609438709806,0.001671040003062584,0.003257586058940703,0.0005154224494710946,0.0002882226427973687,0.001529005923284552,0.001026748890244854,0.0007298238081439661,0.0006172269403233709,0.7382048727610172,0.1508683299482403
political_ideology,democracy,144,0.7519853367573686,0.1241549659457816,0.017718268534129795,0.06937174457622852,0.0009713076999307506,0.0007324221965710079,0.0010462361005920684,0.0006997751083787407,0.010253932213850526,0.012640059547331127,0.23171952190912432,0.18269930265043766,0.0037843389323421028,0.00841392642792152,0.007749683190114511,0.01917714858859111,0.003230957987398142,0.017548974061610188,0.003473956736140988,0.005643924259980279,0.011629508853527822,0.03837263443208563,0.018998568966506153,0.04338799614077559,0.0014947378618267572,0.0014981787898138126,0.0007332743280130671,0.0010422382615875333,0.0016149456051708613,0.0021034191402419748,0.0008504043651353439,0.000929078278782638,0.001512413675502305,0.002324096119231172,0.00041183006538226944,0.0008540863369327057,0.0021157652932338854,0.004332229444186423,0.0013122424267445847,0.0006968042007714263,0.0005899135382302726,0.0009010429551532763,0.018113058466244385,0.027554947728920344,0.0013105517867491774,0.0026235776936592197,0.06530920731731588,0.06556023904471361,0.001768848722652668,0.002972041707825983,0.0005553417032489153,0.0005499353029095311,0.004163495849853562,0.028303954359007864,0.0010189498993390265,0.0011861288326974616,0.7215343488173352,0.17630549981270094
political_ideology,fascism,49,0.7850565618398239,0.12283248513722707,0.01253560558080255,0.03022196216612912,0.0014067113016998129,0.0008249865556130165,0.0019032724631703173,0.0029753090432130215,0.01193682122880555,0.013764938954284173,0.12207073307767206,0.07264314323924949,0.0014028173707406589,0.00108893904408889,0.007988188860044643,0.02922952831749648,0.0009066078761991646,0.0010330177811162691,0.0014540089320448436,0.0010585223090832973,0.011596117220933035,0.02594736159187682,0.023053307257288574,0.06460511827827044,0.0026412055666121294,0.004024796078356485,0.0013054410068137686,0.0017917105441351213,0.001684027394916558,0.0020105862162125903,0.002211131033729952,0.005485312279292079,0.0013641194554463941,0.00197418321236106,0.0007354030857808242,0.0016343451870597186,0.002855129703898363,0.003435388068737802,0.0012288390354690502,0.00045417252859568407,0.0008425858731224791,0.0009758716014127809,0.006755232117233836,0.005914575101137684,0.004432258162022644,0.019529733364773007,0.07931423177752568,0.06777415572581087,0.0022007549164949785,0.0038973693874935875,0.0007012910277901065,0.0007734642668087776,0.01062403193898309,0.05174522971784146,0.001117545862477843,0.0007093032443568779,0.7850565618398239,0.12283248513722707
political_ideology,left-wing,48,0.758182472238938,0.12640097441138265,0.01175269547093194,0.04262946788749422,0.0010611766659470352,0.0005305837555434418,0.0014090595662613243,0.002475991031361449,0.011082966229878366,0.01111324847621496,0.1506971352888892,0.09684974682850597,0.001779475322109647,0.0011207070412979853,0.015712686552433297,0.06232200318384576,0.00142883054104459,0.0022985924918116295,0.0026630520308875325,0.0041152452282707305,0.016574610194462974,0.02728721155240392,0.012923551083076745,0.015107971492601669,0.0017807625348117047,0.00103810627303101,0.0011458929223711796,0.0009309192348399675,0.0010057998454916135,0.0005400966308043974,0.0034256480654827706,0.016330931466044512,0.0009597821117495187,0.0004649219364169407,0.0005443461329074731,0.0004106660952704985,0.0015699201115542867,0.000905208308952708,0.001203694120097983,0.0004192127898687096,0.0008880943793580324,0.0008918531722415542,0.009672050383718064,0.00800534340421724,0.0008447223023419307,0.0004910555032387301,0.0980148611512656,0.0742297699643898,0.0015575655876697663,0.001044091219411575,0.0008449829483652138,0.0006083328192142144,0.005721150749498823,0.0093968018482172,0.0008999887492488293,0.00043432280493740363,0.758182472238938,0.12640097441138265
political_ideology,liberalism,39,0.7330778676729935,0.11905084480950225,0.009105606544882251,0.010795669529235824,0.0012739329615261597,0.0009598238217432411,0.000883983961569193,0.0005843140352014471,0.008948820028215265,0.014446136381273773,0.2144593255689893,0.13528724969668302,0.0025060127328078332,0.0028548709773407667,0.005185072229673656,0.0037968880581574337,0.0011893805065669883,0.0006943132206964604,0.004076910100710125,0.011512160590684675,0.014504709710868506,0.03279813014701015,0.013541540435443703,0.029078617939994267,0.0015097405680885108,0.0009906210314418295,0.0010892816114788635,0.0013406994135078633,0.001226698902871412,0.000775815634857105,0.0010458190906016778,0.0008086894625409001,0.0012987073479542653,0.0009294832622476063,0.0005588155681601701,0.000587084618063428,0.0022341359021643605,0.001954378325331842,0.0014075342123993696,0.000547903484990886,0.0011327201425909805,0.001777952702044022,0.013723645804043954,0.011835113017097613,0.0012694305829100837,0.001057997447944982,0.12868381606844756,0.13728036381505027,0.002615906260101698,0.003159510813467215,0.0009381812474785898,0.0012722781886308954,0.00406989825811858,0.008410356178109389,0.0011742391417591046,0.001330828704444343,0.7135811983010708,0.15000585677619546
political_ideology,nationalism,191,0.7381013594372734,0.1352471444581632,0.036788187788175275,0.11552727599210827,0.0010580063970632733,0.0006149286283454464,0.001317760951302614,0.0013834376721290917,0.010070131713748758,0.013736056959286412,0.1865185806966577,0.10774178187873341,0.0026160379904029765,0.00419889044153419,0.005766381734204406,0.017175748269379152,0.0014455016572589143,0.0026404818110254097,0.0050958043195341385,0.010910368056750164,0.011242641226866365,0.03420601349893651,0.015169522662876241,0.03815372214163567,0.0019566032859369997,0.0014921109931147285,0.001086259780376077,0.0011028793368359875,0.002513720834973946,0.00699199197664036,0.0016052775107524041,0.0027697697304405683,0.002116872377130471,0.004534714606712934,0.0006632147468407077,0.000733367398443603,0.003442960643789765,0.007826123161067077,0.0014568963529985807,0.0005731006631839318,0.0009664081291360196,0.001329800640024717,0.011943137398140787,0.011810174479587134,0.0078411748272724,0.031898603590671086,0.08982159717603348,0.07336482853676428,0.003174572991218213,0.005948348265556244,0.0007535976493982257,0.0006226577323071178,0.00439303762435484,0.00903550592977821,0.0011659525265503938,0.0010789719098747248,0.7226107103740358,0.1639183692707725
political_ideology,populism,25,0.7438112413883209,0.16674860251372522,0.009591463208198547,0.023252746119244883,0.0009382952854502946,0.0005238186592095455,0.0018810046184808017,0.001939855927454604,0.022303028032183647,0.0314544688618109,0.15121917992830278,0.11148528791938721,0.002810835859272629,0.004128297150928588,0.00875738866860047,0.009509617477529783,0.0015905034402385354,0.0011396398848281593,0.0017785209394060074,0.001158553641253245,0.028497241605073213,0.06936749407364663,0.01948238452896476,0.018221454779084705,0.002169260066002607,0.001506759527825007,0.0015458304167259484,0.001844266183686206,0.0011827736848499626,0.0017122755880692726,0.0010583836259320377,0.0006947316776396699,0.001069908031495288,0.0013513931512314406,0.0005512499058386311,0.0004562494433327271,0.00346558136632666,0.009260304775225214,0.0011377051135059446,0.0004720146596929986,0.0009958136541536077,0.0014772120572926156,0.009632798312231898,0.0076049869660584106,0.0039017339615384115,0.014690047405913557,0.0788718031346798,0.06709795075848146,0.00288156270631589,0.00611356761361889,0.0012000472040381283,0.0018842176640447516,0.006257896842435003,0.012067306991478155,0.0008793817961122841,0.0005335797815129153,0.7406466507911682,0.17412946709710492
political_ideology,right-wing,35,0.7841305289949689,0.11324742000650014,0.004856579388225717,0.006022471397050608,0.0009803783248311707,0.00043708918138276795,0.0013207633829941706,0.001072079879594153,0.010998361664158957,0.009964021927427081,0.16143084391951562,0.12238226315018665,0.0021218588359520904,0.0032038175659054855,0.005609885267248111,0.005200172315073457,0.0011601689404674939,0.0010948318669399537,0.0015662152137208198,0.0011417306282319188,0.007186675886623561,0.005312690348924536,0.017893752602062055,0.02595064145560833,0.0019142477041376488,0.001307852884480832,0.0008595943209781711,0.0007599659569077148,0.0008743231766857207,0.000414568627100848,0.0013036915782972105,0.0019528609273499317,0.0008767433597573212,0.0005367214909924752,0.00036810519273525904,0.00019219236257217768,0.0012655934726353735,0.0006526037899546118,0.001218855966414724,0.00039441222932263376,0.0006706916714652575,0.0006780826992216919,0.00852759505755135,0.010531070778937113,0.0006474612276568743,0.00045333825821447683,0.07990910362984453,0.0666976405595976,0.0012625110493640283,0.0012662075613604435,0.0005339050228940323,0.00030156056895222093,0.002509042396143611,0.002580537169319409,0.0007517118954897991,0.00040828589154894013,0.7841305289949689,0.11324742000650014
political_ideology,socialism,109,0.7780133130353525,0.10976590640966971,0.006219412198016813,0.010022733874249805,0.0012119151123184198,0.0007346456302505521,0.0008910194481509405,0.0003478280169781469,0.007998989692060362,0.0047785022463804165,0.1434239004183253,0.07795365885587688,0.0013527565949741716,0.0008410867952604573,0.011309818258410782,0.03411114093790204,0.012131145342793572,0.0647563496484544,0.002517322807812021,0.0048196455081967555,0.007228681118090834,0.00858186287121779,0.0210082105984655,0.052273930800994,0.0014490519950397039,0.0004504758601167276,0.0007627841399997524,0.0007319342357244476,0.001433204617052245,0.0021704686092382866,0.0008718130566444624,0.0004824141041890904,0.0009581176249028415,0.00044104791085052746,0.0003727389210642854,0.0002564065709040454,0.0018772773840891863,0.002166992966297367,0.0011980764283755915,0.0006288762917843561,0.0006247048312691339,0.0007450675769931555,0.009278100665334032,0.007060042649362455,0.0008517004124427197,0.0009686881360423681,0.09781819660592517,0.10050260555457044,0.0014589511086617452,0.001597304791325255,0.0005321755334831039,0.00036510005828533574,0.0019720970698922802,0.00208835014714683,0.0012020528179789902,0.0014037358004756998,0.7773702303203968,0.11146256102044888
profession,artistic_occupations,183,0.7718500612212009,0.15183648905363314,0.05402853171235521,0.14027287572788347,0.0016579682570742188,0.003679932998116626,0.001061609078324629,0.0009443327492293292,0.00770591580705931,0.013840664258125857,0.1581476570509089,0.1368435114126758,0.013226620035495386,0.06726266111609568,0.013307738066345576,0.040806299922720723,0.01037815957482207,0.056622118133613134,0.0021926417359649686,0.002764207060680474,0.006044906983915411,0.015395824296033553,0.011384880013415295,0.036301418662158795,0.001525116672477293,0.0011166049937356747,0.0007072872774232729,0.0009072294281769198,0.001988899597295056,0.0024987753291597177,0.0016798858384187002,0.007628737094385374,0.001718589616971233,0.0025505093614240216,0.0004597388298881795,0.0007277024608582446,0.002500922985939828,0.004819229583654806,0.004085366147388373,0.03048776283816283,0.0006799448146026765,0.0010791532594397395,0.01104554678491556,0.01343227203702642,0.0014858565883599018,0.0026995651026072284,0.053995584639023396,0.07091814895409328,0.0016007174870865724,0.0024366903730166753,0.0005448174038189437,0.000579072682123024,0.0030321517254383677,0.013571764338229852,0.0014801477598944993,0.0017010061864526412,0.7448074849821179,0.19819648398174436
profession,computer_occupations,88,0.8625234656713225,0.10272682624085643,0.015237359554289882,0.0589724373041215,0.0008431948636743156,0.00042787874788909253,0.0009897439075840257,0.0004164021548893574,0.006941598115107891,0.003179665399726723,0.12167500764851204,0.11774638350801206,0.0034374642577445643,0.007380791867132304,0.0054248576634563506,0.00901386530253797,0.002024475661032325,0.003037961336201114,0.0021726332753050056,0.0024655738038910934,0.003083438371752643,0.001367753334539849,0.007847607416227798,0.01563062616568607,0.0012716102289480411,0.0004659923539024662,0.0004188103367513659,0.00023676716410690274,0.0013558456438741732,0.0015605215820305666,0.000811381641555768,0.0003716467193058873,0.0012133830929418434,0.0011275607644054295,0.000248004563300955,7.743397339583257e-05,0.0009559431895137426,0.0003891108753598208,0.0009259085603513416,0.0003645645957393614,0.0003614201316602041,0.0002221196205896239,0.011490152258457701,0.01359547697039796,0.0006475238809467886,0.0008081622674859808,0.028860237512906842,0.018678212768398327,0.0008040573381797665,0.000768170100650731,0.00035500084298043725,0.00016807182338396086,0.0011095245149177076,0.0005571871604593689,0.0007619207896244585,0.0005633712448778298,0.8585108264603398,0.11600526527473218
profession,corporate_titles,42,0.7974792882090523,0.12261194864422162,0.012101519520261459,0.023042253393794645,0.0006239747682619574,0.00025598737413502336,0.0010847120872876119,0.0005828376504747978,0.007618076611487638,0.0027888350170343964,0.15598680761953196,0.1214191014889141,0.016138150222277978,0.05600422300134231,0.013259196020607348,0.03594963228182727,0.027185540117595035,0.0835232301439211,0.005317054328597372,0.016396580900860963,0.0032412373776813702,0.000979968785944254,0.0063797034589307645,0.0020915270124398024,0.0012552216053119906,0.0003315964389417152,0.00045452987320632453,0.0001779866665277207,0.001456696323224432,0.0016405778792003953,0.0008329775557199138,0.0003346855267155065,0.0024293355853019635,0.0032289044352203406,0.0002970843945929248,0.0001307138055899741,0.0011121989324844133,0.0012161448777939631,0.0009420768307921078,0.0005954790708172305,0.0004690395518472152,0.0003028608877954979,0.016485425865366346,0.02364060694527045,0.0011583851275125717,0.0021765659934155006,0.03909138271895548,0.0460656132562869,0.0015284173946600362,0.0023091622967735133,0.0005007451687734353,0.00030232203996416,0.0012003676799525107,0.0003778407116856493,0.0009321201574667135,0.0011946116512363517,0.7844421473287401,0.1597191625010688
profession,dance_occupations,264,0.7465095892548561,0.15666143165728869,0.06913088837543248,0.1558569949083328,0.004291497126828428,0.02568580614141157,0.000946566503857453,0.0011062962752816786,0.006043516445171201,0.0074364757841057305,0.1673968063004202,0.12110874199394399,0.007765526272233921,0.04657784727000661,0.013628117296761819,0.05864523048201577,0.007753135197686568,0.049450082038247974,0.003345025524498796,0.016038697002539487,0.004985938210059733,0.013221532880484083,0.007024355586371244,0.014932411512840436,0.0016156006626481417,0.0010154982727359088,0.0008049448767975043,0.000631542746591042,0.009022605038890933,0.035157586954491886,0.0013772159888476106,0.002463933177470478,0.0013039082106402159,0.00144854073414205,0.0005286922309041432,0.0007088369040169914,0.016491040069288858,0.06658965653554358,0.007945850934695707,0.044288130956230624,0.0010179908682733765,0.0036345314166417713,0.008053149204263746,0.011794637012349845,0.002642004556753708,0.004025688543892717,0.05638489368279944,0.04924678847499007,0.003444711971193707,0.01119499499018446,0.0004390396924546539,0.00039028706627820613,0.0026755963225503256,0.008005353093062726,0.002168282897676391,0.005845627860443787,0.7139696720423121,0.20521201839698777
profession,engineering_branches,1318,0.8078721701443105,0.14619998258867448,0.0147413343009811,0.05374972757008321,0.001197737338559664,0.0014332435339318586,0.0009556320378737389,0.0005529597858833145,0.006792293953368714,0.004804474801846346,0.13480527368437764,0.11680204232720959,0.006650633498373914,0.042969675618472085,0.013212990177737348,0.04734688149469703,0.013207348728604044,0.0658043519684561,0.003556504436553603,0.014032644585792895,0.006968626680862362,0.03047128668447677,0.008876699686639735,0.022768289541780295,0.0014868456420422586,0.0007717719072516376,0.0006245768953550908,0.0006935567198138648,0.002959104613914177,0.01331162621188091,0.002470050627206366,0.01874570308325421,0.001015676859293164,0.0011863426163546704,0.0003515749653856615,0.00033784269300238837,0.0016934565632453554,0.002742227639996855,0.0011917736655283487,0.0009219655187707569,0.0010069002933526935,0.00574253153820566,0.013766786421342487,0.030309012236630288,0.0008296656395443461,0.001498076524125642,0.04617281146319258,0.056684643641963996,0.0011849218322941397,0.001648360351540891,0.00046433481763825225,0.000569275036293147,0.0024606406290820066,0.00852440300603901,0.0016733768208119142,0.004800894490260384,0.7992436464802448,0.16634227562405074
profession,entertainer_occupations,187,0.7706814956537542,0.1575969627041771,0.09603646580151028,0.21259412829087293,0.01645834421811197,0.07507412315042968,0.0010802689147552844,0.0007104638087194398,0.0066221096206775165,0.004796346640879541,0.13631453797380555,0.11934616077528706,0.014679845579542508,0.07565245708605815,0.009436019122311696,0.020139024948389882,0.010291687567577633,0.05139740740687848,0.0033076565951123873,0.0227798529988692,0.005946846553722128,0.014110608425316199,0.010095833025668514,0.02873988842802751,0.0016303500717749849,0.0010485805449399076,0.0008230565915308783,0.00078411883793704,0.0038585406284527804,0.006140013469403673,0.002131406321311071,0.009550603776325592,0.0019160793694377415,0.00280265748110235,0.0004976544599858098,0.0004667892910188119,0.014606085935088352,0.06110772625794888,0.0047295009788937544,0.03019011489659841,0.0007151453693541773,0.0010491222193549322,0.011564248694694615,0.027966825455260982,0.0022000506305338736,0.0030628313287524175,0.047636223961922894,0.07023784583455824,0.0022441798399008292,0.005301049714088018,0.0005676013469368588,0.0006579646540430161,0.0029857634217478335,0.011028218677884099,0.001606015392322651,0.001566876507665892,0.7078662864106862,0.2427968336732601
profession,film_and_television_occupations,103,0.7472450180539807,0.17312096508685132,0.06179053322988499,0.14814381713706057,0.022469142134848404,0.09960944120122356,0.0011701664033467944,0.0009213355203121676,0.009971871739253402,0.017844865202128628,0.13851779826817293,0.1217532995521034,0.012538047530857882,0.03395084691784686,0.014412318712927726,0.03638497608507212,0.018921549586540774,0.08225033391183337,0.0028909733439840884,0.005786552641045967,0.015333736082538962,0.07485440160923611,0.014412595761614373,0.04655542343042224,0.0014707639223434828,0.0011240414519123022,0.0010031042802791808,0.0017013789446018444,0.0038121875925938987,0.0081374467262639,0.001436127391835964,0.0025644059388366773,0.0017985118882509075,0.002132916883340362,0.0005852658575959052,0.0016855511227555735,0.008495754490830275,0.03949652669423284,0.0016399468761502576,0.0012967826152597364,0.000886972928340592,0.0020322550421205507,0.014272394226140623,0.0238671951011692,0.00195606652760564,0.003886114532227955,0.041276938591640694,0.061954666503518815,0.0018193054225440453,0.0022940604944081443,0.0006223703706037994,0.0008093933719916376,0.0040014060748203035,0.016939550464422762,0.001949597363703821,0.003110172802857167,0.7109893149904256,0.224061032987227
profession,healthcare_occupations,224,0.8228095475850361,0.12052694106520226,0.011670637405976387,0.03304874558188126,0.0008928366746009228,0.000515488717504061,0.0009696311939738475,0.0005216565620045767,0.007014620539848693,0.005026562402860204,0.1390431788292647,0.11246260315596328,0.01009031784659393,0.0331212149414385,0.008593738609956094,0.025225044502605348,0.009383248848929984,0.053311789011779374,0.0025996564150513484,0.005594734412510062,0.006598754521941633,0.032759568799451855,0.011016178140770145,0.022281046532302815,0.0013880508865570715,0.0005758569667317758,0.0005658899331137945,0.00043996712212160453,0.0014812578525119793,0.0036420451649221523,0.0012632148887600384,0.0016236198121512208,0.0013699147453475494,0.0017773502025848853,0.0004112355036990526,0.0003531558816526506,0.001430842954765207,0.0017972881134325019,0.0010663344927317147,0.0005313899083955924,0.0007993013610497915,0.00173959962860518,0.011560836752843378,0.018289007318298155,0.0008796747315500397,0.0013353407797332476,0.03897353583930193,0.034878357036877,0.0016828790519087175,0.002642130524014706,0.0005404281656150747,0.0005042036716006973,0.0031680603793314993,0.00965772552363153,0.0009029786464712483,0.0010734199497917077,0.8198412036124084,0.12947715238921548
profession,industrial_occupations,45,0.8364317331049177,0.11897869395859734,0.018096607253472837,0.07282787394759184,0.000991275919497841,0.0007270778700572383,0.0011988702825167113,0.0005837284772942363,0.007911673860831393,0.0036110921769959767,0.10898120934143662,0.09261563333140438,0.008492796883607904,0.021938470433809615,0.017591497593093662,0.05306028565891774,0.024757154419138613,0.10436577496926987,0.0020663842998651996,0.002267603470932881,0.0031600620701081224,0.0016897397516672742,0.010318187381037408,0.02213468310265845,0.0014364226126215524,0.0005732900961541734,0.0005006033810786903,0.00026686582868707705,0.002292479072800941,0.0074402548891046895,0.0010075914912805375,0.0005498951473550096,0.0011284389972893729,0.0009902310075492104,0.0002946507211567627,0.0001229769376431896,0.003123523657106691,0.01427526206814605,0.000986218066342796,0.0005271555932955989,0.0004675444639158539,0.00028537572220604034,0.00916208863361842,0.008435564157786343,0.0009967500910635055,0.0027584830096527677,0.032008266190273894,0.03175301788745949,0.0011777264929454152,0.001860389530529911,0.00043154154328577636,0.0002711821402496248,0.0012837532946529488,0.000501782323012696,0.0010054215387855139,0.0011602194405514444,0.829891746573978,0.14104754569910524
profession,mental_health_occupations,147,0.7944252474778364,0.13619415359656764,0.009338511262551507,0.013125995153447107,0.0008052642317409595,0.00045248839692569947,0.0011002594168728762,0.0006777323212743671,0.0069172257956649575,0.0034857567544764327,0.14971035559579324,0.11168643875979574,0.05201284706451594,0.15343045457562052,0.01356552214540706,0.04828999004098107,0.0167704612926618,0.08407664615023182,0.006648406658407149,0.045028104321610564,0.005625295135601215,0.01278690478010603,0.007650793770005052,0.009743379704590556,0.0013174896621854888,0.0005470572623662183,0.0005894798522523674,0.00039551977193722626,0.0017133007183604474,0.0049048352381509085,0.0015603070455004594,0.001739359602348019,0.005597723318504638,0.04853091083599062,0.000603066089022176,0.0006898365727262841,0.00178306159598208,0.0022283852959556452,0.0016277007337700778,0.0021760753105065887,0.0015533775405769813,0.003490348203152979,0.016771322645272323,0.022392954533563884,0.0010626751934570185,0.001295748535612817,0.042846511124449524,0.046778368125363554,0.002732898795867947,0.0037497703614164835,0.0009329858153652983,0.0011642934516495616,0.0038047531139751784,0.006919383216891293,0.0008653963648327658,0.0009444792840113178,0.7638391610108265,0.19789877971112071
profession,metalworking_occupations,264,0.7980855319536093,0.13981741108257423,0.025164417853264957,0.09746525036020791,0.0011727154233085457,0.0006876529861952327,0.0010937556771475074,0.0010257818709029005,0.009285373301033607,0.022820617042433988,0.14389001976374086,0.12321029864393897,0.004722256708853159,0.02112784912527632,0.008897036381919557,0.018876934678682716,0.006143765438923076,0.04319542267550258,0.0022045080670178513,0.005164685595653186,0.007515239685414021,0.024372890983012898,0.010739603742629035,0.02632497835032335,0.0016037589554219846,0.00102380273809377,0.0007568751477788971,0.0010443695442604241,0.0021216793453883533,0.0031826566542822233,0.0012423396024546078,0.0016178105368854373,0.0011585305109650963,0.0011295160859587483,0.0003973739676990645,0.00041031281814223525,0.002073429726200023,0.003297332686240622,0.0012353803335413845,0.0007188495061952646,0.0007230378832900897,0.0014256616781778096,0.010054102141911051,0.015063050493964664,0.0011906042021413061,0.0019131650999583607,0.060381914344334014,0.07559792344943082,0.001491136577456156,0.002015739080300221,0.00048258032372607636,0.0004773128803945385,0.0026631295285452243,0.01021527274947249,0.0013774103841349256,0.0015048957193077937,0.7862928447624048,0.16449110685002724
profession,nursing_specialties,124,0.7681812997306546,0.15487130779472758,0.03998129438860492,0.10195049632959755,0.0008579325139796692,0.0005271717423597238,0.0011193394987663674,0.0006576461505905428,0.007700402744024271,0.006772744077678662,0.16586555557085142,0.13657702538759878,0.025380994169315652,0.06314942887132709,0.006529764123467518,0.02131663212427359,0.008653949931847878,0.046069303883802024,0.004945447517750454,0.017331904843093465,0.006555935940630133,0.016125512248251178,0.008231831986772558,0.013941282908494734,0.0015496981725464725,0.000888313835592722,0.0007604096058311106,0.0010246617668884341,0.0019262815028102318,0.003877019191277256,0.001441995183760751,0.001333941992409602,0.0028659208990340574,0.006543578350205763,0.0005964190321749136,0.000555829276014064,0.0017918411721174995,0.002654491659171476,0.0012459238796802838,0.0006547178803018584,0.0009979614222820306,0.002010598588691827,0.016768730301860598,0.025041905104741462,0.001993330169728236,0.0031981617457876796,0.049563221734828286,0.06985201831000426,0.0025304810538551875,0.0027433020926441076,0.0007553917451831137,0.0007394582883813983,0.0037390632177477763,0.008555036146507647,0.0011978728078012805,0.0014483254346681674,0.7525557137785419,0.1844649192776672
profession,professional_driver_types,26,0.7811891849224384,0.16581263789713846,0.02310888375191448,0.08453801346245858,0.0011470204525931666,0.0007845634216542481,0.00134091750638058,0.0007000990638338547,0.009672910386983018,0.010600072410623013,0.14259072676157722,0.13662585669943358,0.014345505581541847,0.033152353192045333,0.010999676086402569,0.03604505661569319,0.023946403870538164,0.11547388901804792,0.0020982887430223995,0.0014571047231249881,0.01646086618375893,0.0658617975525081,0.011826125331796132,0.027070599030387724,0.0014287400341485268,0.0007231478428051087,0.0007972034257433664,0.001289869460093746,0.0015306462591979653,0.002030146437813295,0.0011973046046198131,0.0008142868071250023,0.0013273606455186382,0.0012298818029613178,0.00044252396988807817,0.00047149866688325824,0.0014121459770159652,0.0012248814799288071,0.0010253644409553648,0.0004648647052011105,0.0009345133411653268,0.001819364210293714,0.011906592632070757,0.010844561423064501,0.0010661259391501797,0.001389808612901037,0.052872298643566094,0.09294121157292753,0.0017012062431044446,0.002067094822021389,0.0008090712217381224,0.0015001519086685982,0.005136385208550984,0.018052479223031843,0.0012028075160252717,0.0021099091288287893,0.7721431392889756,0.18019660786720276
profession,railway_industry_occupations,58,0.7704919576644897,0.17746316235499582,0.0621893198634819,0.17363745714907755,0.0016668590898665696,0.0028007811094050753,0.0019917783025322996,0.005270307879899132,0.013563570405902534,0.04673099634248988,0.12656844068511292,0.1162646381865644,0.023571681106816334,0.08721938671805173,0.006686486741367342,0.01286351953966705,0.004792442465510123,0.01711827147054755,0.004759651728191188,0.01527582148832516,0.011668720870712322,0.035425241409583814,0.014284109231084585,0.037246448517104784,0.0020473464331910783,0.004957623288764496,0.0016907884948585857,0.004878982627111064,0.00560108638782022,0.02301313333488768,0.0013298402462106455,0.0009457227103036593,0.0022408292761297317,0.002785098255770625,0.000688832956978425,0.0011277022231073626,0.0036501180177859575,0.01044970967537937,0.005209971747184494,0.024864024924678835,0.0010113013769772932,0.001845371107931122,0.01665418583835507,0.020907965998116087,0.0021663095407159836,0.0040867266506245305,0.04641243349760771,0.06761177390692731,0.002149789812894345,0.0025479872932234957,0.008521169222839145,0.05907431185633964,0.008149807016236773,0.03121885965832524,0.0015915488846327082,0.002199009473688152,0.7237193532416533,0.25315890511749073
profession,scientific_occupations,348,0.8148426134353397,0.1352999445390081,0.020245248717945016,0.0719340202575364,0.0011911366514402613,0.0008425622384786184,0.0009651085151588255,0.0007695354325924136,0.007005337676924557,0.010693953621781764,0.1268744309962695,0.10180367609967216,0.0027202506069275924,0.008623175057374168,0.01082213569031734,0.022731427852169223,0.008218039371288682,0.04468902328053743,0.002337797826568157,0.0064710628269140065,0.00601642647418247,0.02639163122826801,0.008254840346146911,0.01623933443155728,0.0014979607091437832,0.0008028740639771691,0.0006454054784898154,0.0008780203460991515,0.0033004155853193187,0.02269942679711603,0.0014711173088022176,0.007300788170375369,0.001260602225274538,0.002549791722580701,0.0003696818110612007,0.0005309270679221683,0.0036213267767693496,0.036279556951272954,0.0011916028718890932,0.0007139678411196085,0.0006814907674511075,0.0019104563113463877,0.010133050282448316,0.019979324005957245,0.0009368790788462268,0.0019838095241072333,0.052182226052411414,0.06110457156053379,0.0012863142091891963,0.003738182961383466,0.0004399073957589364,0.0005758187035646937,0.0036447106328011416,0.028213668716782776,0.0016185895210478573,0.0022387705695579487,0.8068549587637529,0.1576172424652543
profession,sewing_occupations,350,0.8244602136101041,0.1442779833038629,0.03049413389293477,0.1068700538817037,0.002645789885261495,0.02609143327912218,0.0010281949584272558,0.0005457050635794184,0.006613589447058205,0.00443029482800801,0.1240946761172797,0.11871343874643074,0.011287803526668411,0.06653701463625822,0.010462192038872413,0.02335733292097106,0.007526607447237308,0.04009445134861566,0.0015398899354373238,0.002038098121968298,0.005439082809025422,0.017125764088312425,0.0075225795273269926,0.016480564343325708,0.0015536218700331768,0.0009022005904034511,0.0006623972340353898,0.0008806328332516002,0.0016274721492248187,0.0019654888916899823,0.0018151076648583902,0.007992950071933807,0.0012872337672992476,0.0025010541140036762,0.0004431427752881843,0.0008744790321028673,0.002200422917875195,0.005674579851544975,0.0014502082927252298,0.001077929663143891,0.0010740563875047623,0.006014443288394277,0.008313073380850255,0.014099154153427235,0.001892130513608988,0.018069880420426163,0.04213363221580429,0.05710890813419659,0.001506642550728949,0.003779418921945849,0.00048652152327122167,0.0005825660053816673,0.0038084284866428267,0.019667193908472404,0.0011878441969331887,0.0013201743097091,0.808666274781738,0.17835904763041718
profession,theatre_personnel,356,0.7756521727764205,0.1467827900402714,0.05639754566874125,0.14166459731432718,0.002985613143547004,0.014406583026428025,0.0009154065899953791,0.0005186405455767172,0.006255414242741097,0.004661598411528452,0.14345116859427495,0.10300281063215601,0.004817056170323984,0.02083280420804838,0.009218628843330643,0.032008948626832,0.006328403876814468,0.043225101878958956,0.002901259939718646,0.010070221359472636,0.007145706752218369,0.03493119592281399,0.0061790131616505555,0.008449633589562397,0.0015625780792658352,0.0007461817392322274,0.000833485883049434,0.0011758890066716084,0.004179246124570791,0.014555507176664805,0.001171543503904799,0.0013060203379924005,0.0019283906704719372,0.0024793038404896284,0.0005075198863410611,0.000864792072318902,0.004046826719684432,0.011708731332474865,0.002074411644530352,0.0056079886808561045,0.0007552896425428178,0.0024877976267208314,0.011793955237725017,0.029492712053754387,0.0022998239946492105,0.00808379610646861,0.06475027579568285,0.08816556872443676,0.001754353009560832,0.0022556562271809975,0.0005551836445775234,0.0007416148670097175,0.004468132761533351,0.02716831871581833,0.001806159717622056,0.0022966463474976867,0.7550276732176877,0.18181160941886615
profession,writing_occupations,178,0.7562286726544413,0.15928825843710856,0.04422112255261719,0.12606634174985734,0.0010433752466453595,0.0008108207658116443,0.0013654698729593559,0.0012507443998581002,0.010763298059562535,0.01471344579117903,0.15333932265639305,0.13592589912177414,0.013215519475431464,0.045153355034251705,0.01703316292115958,0.03786489008490308,0.015084988236482244,0.05794358311674461,0.003741398412836297,0.015788066282360316,0.01367672183191184,0.07231612611674254,0.018505044887757997,0.05038183953588425,0.0016346820136349063,0.0015454541924795318,0.002353062747593111,0.01869458971654189,0.0018565726917422784,0.0025354747733944603,0.0013989832311452712,0.0027972382973343785,0.007611552395124062,0.07334100948236048,0.00045953383866280287,0.0006223201478539834,0.001509256176473939,0.0015249539173985125,0.0034020696210758654,0.023946721513971675,0.0009680792565550393,0.003636749955684378,0.013420807982512405,0.018023893239973644,0.001183448607365933,0.0017056732359244059,0.04931118786387313,0.06635793965814367,0.0013926680842538761,0.001481276747889333,0.004800165648927933,0.05004641401127968,0.003264944324318288,0.00903692206845542,0.0013901433525502346,0.0017070957138140411,0.7255333547344368,0.2081427400402615
race,African_Americans,783,0.7095862406081167,0.1764499387591403,0.1621936447034521,0.2418800167489619,0.003969065471643601,0.030193174791222705,0.0014986542014418214,0.004057838952764196,0.0070856364616662705,0.015874238675161422,0.12522606178642384,0.0878487213049517,0.004820580175711439,0.029179190013639517,0.005083029882849752,0.026800818662678683,0.007025247140303444,0.04917852700567364,0.0033557188579257185,0.014045278455974574,0.01516072763973671,0.05305849281850154,0.0065957439549970244,0.022033356982212975,0.0019635394663701016,0.0019033263034433207,0.0015440183483307413,0.0021925191693354215,0.011049461060259813,0.03704211788895474,0.0021503620496210623,0.004363475389996227,0.007619853983735808,0.05775173643150911,0.002649881095959392,0.00818668592545392,0.012523328996387442,0.04806362760207915,0.005261754439312591,0.01750977225818459,0.001137106259019155,0.0030577792722440347,0.007957188873599363,0.01604758567148399,0.006111034817254634,0.009054468423523249,0.05442037995985565,0.044937753293055084,0.0033272247993277855,0.003429793379302552,0.00117758702339413,0.0015909785635620016,0.029036279233326568,0.10337756313618268,0.004255930566234725,0.02912285644180737,0.625476678524114,0.2571920039617663
race,Asian_Americans,364,0.7162539100499599,0.16259090679376242,0.1470794725506234,0.23607526214503852,0.005036750812276016,0.029310667713830514,0.001073830223474063,0.0028347503916700805,0.0064069970797460815,0.015830699475393572,0.14633881305804947,0.0863850925760139,0.0025322424596627142,0.005364113934021136,0.0068372196000891965,0.037328389911929626,0.00866659767440409,0.050633477806261276,0.002621945064415091,0.007801185843243587,0.014875099042291078,0.061983604912857294,0.006716182018223393,0.03251213583541654,0.0017644385449814733,0.001803628686197044,0.0011822303422777223,0.0016023549005573425,0.00927496205834329,0.04563870641623917,0.0017331092092138204,0.003426697044071245,0.011544178356336568,0.08292401440356831,0.0012611458860392105,0.003985964867981922,0.009400583676364437,0.04392530019124089,0.003501264716160821,0.007853602593115473,0.000960451469426926,0.002442143820138298,0.007554842543898273,0.008445556547860528,0.004378055898137013,0.006317334324794973,0.04976618453056889,0.03752821473288647,0.002558371940932165,0.002652150274939515,0.0008699467968484156,0.001239890249192948,0.013454273946750857,0.06099418742439572,0.00247841014045132,0.005172632047914917,0.638115058402316,0.24666793305959467
race,European_Americans,2044,0.7352814883751878,0.16264311920603106,0.13556661852999954,0.21398018919484177,0.003950986789483983,0.024451029829652922,0.001075030972455754,0.002114342643041898,0.0055683644178848345,0.006921031471235608,0.11753455031464521,0.07956399826063822,0.0033393412376766514,0.022316654886441172,0.005137596633341669,0.025685078882726187,0.006537753184328385,0.043664483876900306,0.003457652429935938,0.026788618574472848,0.010389072427528623,0.027789239571973004,0.0070813483702519605,0.03264861136845483,0.001887331980031914,0.0017296494531493503,0.0013168592897037964,0.0019881555878324643,0.006988480311568162,0.030787159676911292,0.0022611320896439597,0.006627569153727033,0.007318748052797755,0.057381271727732316,0.0023653923816124157,0.007201864529255659,0.008382696762713812,0.03729743905946484,0.004161569130546691,0.02696722198148248,0.0009368587874340902,0.0017283471693034062,0.008190235169741112,0.029626335568445437,0.004735366982966052,0.011587416929037938,0.05638455312779727,0.0420646085620679,0.0028623283813932958,0.0032842164879988414,0.001037512598835348,0.0014064438262247894,0.02551169536497267,0.09921604848928486,0.003063989495355071,0.01784578770208421,0.6771247363726767,0.2324379086433926
race,Hispanic_and_Latino_Americans,43,0.6977059543132782,0.14539057822258203,0.16129263345460776,0.2417332606617242,0.003949409889512111,0.00822922441933523,0.0010639142670105536,0.001059423965049231,0.005590055717241972,0.00401079778471587,0.1260061431892736,0.08912999846039228,0.0026412041922814623,0.0033717140648622324,0.00368928755795973,0.00983074529631964,0.005935543492236067,0.02677652428898365,0.005123949969772163,0.014559514843927823,0.00890654744580388,0.01039706278422941,0.007661920666239809,0.02310446466811041,0.0016530454077562967,0.0011784392815277777,0.0012182593301647928,0.0009578459396703085,0.012985517186935731,0.04070017025769618,0.0015831455976843055,0.0017958725767751242,0.0066590101378942775,0.015623863516726441,0.0020435389326235584,0.005220992700656033,0.011090746548752365,0.019644537645190235,0.010090785310874411,0.042578610382330365,0.000805879884865135,0.0008020407092291854,0.006915587861480755,0.004641322167006612,0.007588946882860064,0.01447932117942623,0.05394726884443053,0.0385001235593298,0.0033373125797668255,0.004052779083398962,0.0008556730662835329,0.0008069578937735162,0.020627084869057545,0.07260716839902989,0.018637347349837467,0.08454921230750571,0.6158417428648749,0.24527384745234285
religious_ideology,atheism,12,0.8353304117918015,0.09451038710024652,0.0016730730470347528,0.0009903987613116803,0.0013885421794839203,0.0005747314734687801,0.0015312897060842563,0.00046722526441233446,0.013366896659135818,0.006794981659821021,0.04576526846115788,0.02569023115164915,0.0007235979040463766,0.00018695308010416878,0.03253576149775957,0.03717063009870358,0.0022100473433965817,0.0010414592891437948,0.0007697497591531525,0.0002717868136374371,0.007290754719482114,0.005425857237168072,0.06954780614857252,0.05313967100261168,0.0018132927555901308,0.0003988343969666983,0.0008167372725438327,0.0005411565454443143,0.0007974997109461887,0.0008352918616470584,0.0008346699032699689,0.00032202514524408296,0.0007395798650880655,0.00020840878436231646,0.0002855271377484314,0.00011029282587826212,0.0008802169856304923,0.0005727619360287204,0.0008248077404762929,0.00041245848059367774,0.0003663479777363439,0.00016135172384081414,0.003954825301965077,0.0023788563055749026,0.00022312892300154394,7.74077726075523e-05,0.04424397185600052,0.0395934172801815,0.000418233365053311,0.00011688359613831682,0.00036874102321841445,0.00020051778321756404,0.0014161374759472285,0.000538303350913505,0.0013049454719293863,0.0008003861114415317,0.8353304117918015,0.09451038710024652
religious_ideology,buddhism,57,0.7889064393545452,0.12749977518264005,0.0241243290569911,0.07500348463578327,0.0012310821023818694,0.0007694832721713347,0.0009324933956744836,0.0007948664264634923,0.006109468830880104,0.00420162203105306,0.16950638490941441,0.12169660413725765,0.002389905676592893,0.005584326129137393,0.01998952347907777,0.11499767322368874,0.0021174169970643625,0.0061059798241467475,0.0015099656394388723,0.0023009933532029013,0.004292079231195282,0.003946119401190226,0.006643858574853654,0.005267394067690531,0.0015719990999633936,0.00047041098021597245,0.0006799888980918025,0.00048706871331448013,0.0014954833666132273,0.0013538210406315713,0.0010239715936079033,0.0005646405085019735,0.001557774824935845,0.0012900398403062922,0.0003873485221176228,0.0002431364225660288,0.001915601393608213,0.0023623584288995983,0.0014472805421080505,0.0007182601027211006,0.0005701589908679587,0.0006153159525045385,0.008266695099065831,0.008926004113720258,0.001132369088162178,0.0012178011470949147,0.08162357440839212,0.09852252329588648,0.001671296592368826,0.002257181612680905,0.0005020541789953744,0.0003554885720637556,0.001775870999329511,0.0014933081378536808,0.001351411206741703,0.0019414633320254525,0.7702244969836453,0.1603390581904513
religious_ideology,christianity,72,0.7568753498295943,0.12986189234105106,0.018017156927574735,0.05183779337279942,0.0010351642085879575,0.000681167793115027,0.001171987853012979,0.0013923448620959788,0.009280156360344134,0.013921385165561233,0.1638563037591262,0.1154311844190372,0.0022750849837191505,0.004090616965861166,0.009658438776063526,0.013635043046305084,0.005618199364107568,0.03615563170166417,0.0016363809267608707,0.0020929535137793943,0.014704537619965978,0.05555030535713472,0.026795994613267895,0.07577221174283773,0.0016759033735272372,0.0016853795521873669,0.0009224690911651123,0.0013388442338672423,0.0012921740102077213,0.00263370506447609,0.0009290979918053684,0.0005200423313955023,0.0014975670354841794,0.0016616984665358304,0.0004540072936328619,0.0004736864198053889,0.0015023908741164228,0.0012583498127912624,0.0028086937260619984,0.011741604868218283,0.0006687509414607323,0.0010758865373329107,0.008804735316920819,0.007754456799855702,0.0011159429849511879,0.0020686438808206736,0.08968072068980998,0.10265860580848495,0.001484704960401157,0.0016935555445650018,0.0006553936135686752,0.0006091706671215351,0.003204006989512386,0.0077451116358671235,0.0013784650788390234,0.001817477453727978,0.7515220836632781,0.13856239427473863
religious_ideology,hinduism,5,0.7893075585365296,0.08969300015296156,0.00522049751598388,0.004248007680620992,0.0010623036534525454,0.00040154228140838993,0.0008466686704196036,0.0002534762016405658,0.006190263899043202,0.0024466122984139697,0.1620488092303276,0.09540666410473109,0.0009608567575924099,0.0002798247021364414,0.016512565594166518,0.012884164261133233,0.0026947631384246053,0.0022426057897376194,0.000989362085238099,0.00037202936223016303,0.0037336135283112526,0.0011059070598791623,0.015357037819921971,0.013849050699750865,0.0015678809955716132,0.0005287092957484779,0.0005645251920213922,0.0002503755453512084,0.0008589991834014654,0.00035963508503427196,0.0007133497565519065,0.00015145045437895622,0.001105313195148483,0.0006509176462392944,0.000291750518954359,0.0001013480956949312,0.0015411605592817069,0.0015691551396945157,0.001645567745435983,0.0007991049671505608,0.00039792259922251106,0.0002028722248930001,0.00514877219684422,0.002482519600511364,0.0005801747611258179,0.0006455478542388127,0.0628348208963871,0.03711776115176558,0.001033718790858984,0.001089023180934001,0.0003898851660778746,0.0001151939037968275,0.0012404086533933877,0.0003101922468413135,0.0010227676597423852,0.000436031522089569,0.7893075585365296,0.08969300015296156
religious_ideology,islam,46,0.7573892176151276,0.15729882740231788,0.011520812687787997,0.02730223577241665,0.001163421340448701,0.0007940387855899504,0.0014682920787574562,0.0029364683958299303,0.013282338779865076,0.03778487077524138,0.16153252438601592,0.15481246484867925,0.0028801862271907535,0.0032410519418124904,0.00560898243692582,0.008551843852715714,0.0014138015609679987,0.0016202332585875667,0.008956475139079292,0.02642623802269508,0.021583506521141237,0.07145853164926831,0.022482530294877033,0.05568007342320212,0.0021152934224000605,0.00292833869175258,0.0012346214030201183,0.002149973583927186,0.0016661949130534397,0.002287301217960628,0.0021151136455085616,0.005844385450761294,0.0016183961358721085,0.0013019397619183077,0.0013291173517759687,0.00356085969488997,0.0035997107131507896,0.01143829046802584,0.0014621360055373414,0.0008508699673723288,0.001021590010128895,0.0018239766581238516,0.019418714998249452,0.058002019193049655,0.0012234676295243528,0.0015930197339609291,0.06240492395084837,0.05162062208648559,0.002287982639087283,0.00380754242406356,0.0010460769620334283,0.0015885727631149919,0.01823596472462194,0.0619361244863993,0.0010536231502951325,0.0010619377579177691,0.7353933871440266,0.19140589344596085
religious_ideology,judaism,40,0.7949582889676094,0.10336687735125379,0.014562670176383108,0.03532897012204747,0.0009701355651486665,0.000454268048307326,0.0009834392985794693,0.0006051509040705339,0.006826465955236926,0.003375324100388322,0.17273931833915412,0.1337392430413449,0.004001235542818904,0.01435200302606421,0.009777594951447099,0.02718365927507903,0.001318264749716036,0.0010187308575757015,0.0038167593971593305,0.014161856629654457,0.004897914512548595,0.004309564201145276,0.023856302700005473,0.04715703619994383,0.001277664551162161,0.0004195300322697143,0.0005485954268806381,0.0004961452400822593,0.0013218791726103518,0.002591473313350059,0.0007435350416926667,0.0004906047505497454,0.0017599036218598485,0.0033994578220772134,0.00048309163903468286,0.0012546009173468424,0.0015803872302058153,0.0020553218541195413,0.001457030963501893,0.0012077475082255444,0.0004220243772579124,0.000416941714965997,0.008376431756187231,0.010459711298773055,0.0008161771602317458,0.001130701642290593,0.05061405864544213,0.030327200714405447,0.0010653493569407146,0.0008200637977634593,0.00048528008192079143,0.0004013103182357126,0.006324003655754496,0.03163101087518011,0.0007700600268435665,0.0005785472299156018,0.7881149217486382,0.1257164102382664
religious_ideology,sikhism,38,0.7486081907623693,0.11982694155258844,0.08339960851988412,0.17648917634205952,0.0011063644618077792,0.0006553978515520218,0.000872191908695784,0.0003160063198396863,0.005526521016451481,0.0022514958068986343,0.18668735556696592,0.10593155430105598,0.001747651575562103,0.0016392695137632154,0.008836197332895705,0.02557276789234363,0.012420562639722209,0.06941188664052886,0.0012132640128440567,0.0006769670493992539,0.005828262135190399,0.008978114394979938,0.010366422142588386,0.014908912303716292,0.001332827419422469,0.0003813811964493789,0.0006850243038283416,0.0006000281902340874,0.002186965556527292,0.004889335730987201,0.0008098488783855972,0.000533428539824452,0.0027894615831380513,0.004040743444657195,0.00047966635381606847,0.00040031403763183697,0.0028669267454748287,0.0045945394518868005,0.0018641583370289912,0.000841486073593213,0.0004357547716752283,0.00034452557162988697,0.006005859860268079,0.002951064561897955,0.002563888242787614,0.0035473906948665984,0.06042185515214346,0.042669843591878844,0.0018154718123505038,0.0016279260784302127,0.0005170575065054244,0.00033563251352947707,0.0023085497714897714,0.003489262128573607,0.0010468829476801482,0.0006823186910008405,0.7254549021783628,0.16214506173029214
