axis,bucket,count,mean_sentiment_compound,std_sentiment_compound,mean_sentiment_score,std_sentiment_score,mean_toxicity_score,std_toxicity_score,mean_toxicity_probability_toxic,std_toxicity_probability_toxic,mean_toxicity_probability_severe_toxic,std_toxicity_probability_severe_toxic,mean_toxicity_probability_obscene,std_toxicity_probability_obscene,mean_toxicity_probability_threat,std_toxicity_probability_threat,mean_toxicity_probability_insult,std_toxicity_probability_insult,mean_toxicity_probability_identity_hate,std_toxicity_probability_identity_hate
gender,American_actors,865,0.4516828901734104,0.4798246440237002,0.7258414450867052,0.23991232201185006,0.001201987938182913,0.004568291260651219,0.001201987938182913,0.004568291260651219,0.00012203860002424504,4.9870656836765454e-05,0.00021084686241589078,0.00017849073957334997,0.00015670219009824237,0.0008177192056878399,0.00021932691186289652,0.0002876074139364478,0.00020029927648313215,0.0010965879952712998
gender,American_actresses,488,0.47793053278688524,0.4853919120097485,0.7389652663934426,0.2426959560048743,0.00293011615707894,0.03480048439077188,0.00293011615707894,0.03480048439077188,0.00014039105659679484,0.0003894815424951599,0.0016334583762697742,0.031149519523933748,0.0001332928875585747,9.896658237700118e-05,0.0005413294099719782,0.00702711406078705,0.00023210755141201948,0.0015125457700241073
political_ideology,anarchism,67,0.16498805970149252,0.47147396712167566,0.5824940298507463,0.23573698356083786,0.002046672800215267,0.008473714198658543,0.002046672800215267,0.008473714198658543,0.00013013620845236774,8.557690406462132e-05,0.0005304370187970101,0.0028851379304588305,0.00013605540424130108,7.942720173000798e-05,0.00029463803616296776,0.0008255932562200006,0.00025696325556326437,0.0004129979702391944
political_ideology,capitalism,37,0.465672972972973,0.5332912695123914,0.7328364864864865,0.26664563475619574,0.0007714391575899679,0.00032148760822965975,0.0007714391575899679,0.00032148760822965975,0.00012274168162745096,9.60524845376499e-06,0.0001744312750225937,9.038773340269293e-06,0.00012817828639920145,9.587834289221632e-06,0.00018670313363907407,1.3869772409689795e-05,0.00016712594731723438,5.6999181314012884e-05
political_ideology,communism,55,0.07870181818181818,0.45103527557326134,0.5393509090909091,0.22551763778663064,0.001052261491052129,0.0008907817515192663,0.001052261491052129,0.0008907817515192663,0.00011691999904790216,1.0209213264280411e-05,0.00017563418051312594,3.0731043169953155e-05,0.00012623500753596256,1.043837889120816e-05,0.00019330796044827862,3.184741130256696e-05,0.00017333630186674946,4.155045135787822e-05
political_ideology,conservatism,39,0.6177564102564103,0.3610432972977296,0.8088782051282052,0.18052164864886477,0.0006531758998066951,7.385776071974462e-05,0.0006531758998066951,7.385776071974462e-05,0.0001245757179836241,6.3140976843607495e-06,0.00017610357444470702,6.548860013617662e-06,0.0001293666944734585,7.014413536656611e-06,0.0001784580153747438,4.782760788637552e-06,0.00015392069718263185,7.84302720424511e-06
political_ideology,democracy,144,0.46521944444444446,0.4381797091620829,0.7326097222222222,0.21908985458104144,0.0007214194758691721,0.0003888103899471783,0.0007214194758691721,0.0003888103899471783,0.00012512767706438253,1.2695606135686607e-05,0.0001802877940362022,1.600013151035267e-05,0.00013124167152353848,1.3545885426416005e-05,0.00018296690177521668,2.416181344421902e-05,0.00016936767567838414,0.0001444677333830543
political_ideology,fascism,49,-0.034261224489795926,0.5677255017525072,0.482869387755102,0.28386275087625357,0.004378420339982805,0.013445720402238804,0.004378420339982805,0.013445720402238804,0.00021183968427215645,0.0005382168599802679,0.0003317257395959744,0.0007064679126516154,0.00021036837011818033,0.000463438003859675,0.0004497373872199001,0.0012115000866867222,0.00364339724955225,0.019450904201007632
political_ideology,left-wing,48,0.20557916666666667,0.6198087481131488,0.6027895833333333,0.3099043740565744,0.0008843166845811842,0.0007570412792576233,0.0008843166845811842,0.0007570412792576233,0.00012023875342492829,1.851270966715e-05,0.00018183969314122805,4.8461728615919954e-05,0.00012298870463685793,1.4409281049227389e-05,0.0001863920488176518,4.1832685647617176e-05,0.00018806329383854367,0.0001978366563562009
political_ideology,liberalism,39,0.6395794871794872,0.3913571549442349,0.8197897435897435,0.19567857747211748,0.0008033147090687775,0.0007331073246675346,0.0008033147090687775,0.0007331073246675346,0.00012085617699761852,6.270847297757471e-06,0.00017724222188684135,3.4005190936397136e-05,0.00012671735263817632,6.739868825162372e-06,0.0001824489956608233,1.6933614511697792e-05,0.0001551812721374564,8.70142363051002e-06
political_ideology,nationalism,191,0.339992670157068,0.5062566284412751,0.6699963350785341,0.25312831422063753,0.0010764176956699742,0.0018162458907315623,0.0010764176956699742,0.0018162458907315623,0.00013447277438680577,3.985940137911365e-05,0.0001939080408877932,8.387559858110948e-05,0.00014424647251966882,9.281294846392131e-05,0.0002030245521677541,0.00010345122192683709,0.0002826252497832598,0.0006171941644665174
political_ideology,populism,25,0.2509,0.6046170165209268,0.6254500000000001,0.3023085082604634,0.0009923881432041526,0.001297248020950954,0.0009923881432041526,0.001297248020950954,0.00011878142569912597,7.86621933743527e-06,0.000174345702980645,1.6095674671565645e-05,0.0001265270618023351,1.1680346834769575e-05,0.00018860211072023957,3.796842387550992e-05,0.00017050128313712777,8.539625669633588e-05
political_ideology,right-wing,35,0.23610571428571428,0.6556825908672478,0.6180528571428572,0.3278412954336239,0.001462452597583511,0.003231290085425991,0.001462452597583511,0.003231290085425991,0.00011887622635445691,9.017215930462477e-06,0.00019077933726033993,5.998147856749764e-05,0.00013312639431595536,5.5973052897810895e-05,0.0001981144371841635,9.628129403575592e-05,0.00018753117183223367,0.00011039811897281586
political_ideology,socialism,109,0.3271733944954129,0.4599960162150765,0.6635866972477065,0.22999800810753832,0.0007282810193836826,0.00018759096931740378,0.0007282810193836826,0.00018759096931740378,0.00012013181449136261,7.033381279149367e-06,0.0001721928178369059,9.062992533564755e-06,0.00012537146026136165,7.533446267098913e-06,0.00018207226314372597,8.609613089803236e-06,0.0001571986560203528,1.736061872754799e-05
profession,artistic_occupations,183,0.3519387978142076,0.458401199671298,0.6759693989071038,0.229200599835649,0.0007464403758599052,0.00048361991359912226,0.0007464403758599052,0.00048361991359912226,0.00012424485425558958,9.913016625807693e-06,0.00018175983016793947,1.9349136532076996e-05,0.0001323167561878491,9.496752001722198e-06,0.00018739618190508235,2.386404426939228e-05,0.00015151923796851596,2.4534342223568717e-05
profession,computer_occupations,88,0.5017840909090908,0.36186601250788875,0.7508920454545455,0.1809330062539444,0.0007375179041198201,0.0012263417870385417,0.0007375179041198201,0.0012263417870385417,0.00012810697386488425,6.226592572532373e-06,0.0001898537552320208,5.656316918257661e-05,0.00013684034373992208,1.4218319938182777e-05,0.00018498444015594114,4.0160907557925955e-05,0.00014664884441696233,1.7051815883350873e-05
profession,corporate_titles,42,0.5728190476190476,0.40369670167764854,0.7864095238095239,0.20184835083882427,0.0009884694078382814,0.002505523655571276,0.0009884694078382814,0.002505523655571276,0.00013049295462440655,1.3513780645535747e-05,0.00026645872726692774,0.0005226694262518871,0.00013775506383916807,1.2848122627213715e-05,0.00020408547667708868,0.00015396242331633644,0.0001505488021177284,3.8507987873540256e-05
profession,dance_occupations,264,0.415582196969697,0.40901584547441105,0.7077910984848486,0.20450792273720558,0.0008588867073712843,0.000995291757626414,0.0008588867073712843,0.000995291757626414,0.00012293086905573904,9.602187379561004e-06,0.00018716496334959766,5.261750457676547e-05,0.00012892578265702028,1.2749297594968758e-05,0.00019309325464498463,4.32538529543149e-05,0.00015381572952857383,2.701120757923128e-05
profession,engineering_branches,1318,0.24977169954476477,0.42140879725900815,0.6248858497723824,0.21070439862950413,0.0010306086427513059,0.0059312344983240796,0.0010306086427513059,0.0059312344983240796,0.00012605509476451598,3.293204209953088e-05,0.0002449131423581147,0.0014416657116046148,0.00013465013065237067,3.516685716351926e-05,0.00019966614166237924,0.00035388017268769226,0.0001540164583037948,0.00014044540717786128
profession,entertainer_occupations,187,0.38794973262032084,0.45303446976244405,0.6939748663101605,0.226517234881222,0.001952127824017011,0.007537423209954181,0.001952127824017011,0.007537423209954181,0.0001286335642303883,7.564665539172959e-05,0.00022637922074620855,0.00028652488336472736,0.00014168773762997548,0.0001017612517121884,0.00025917313956247173,0.00045802767196929586,0.00031236086402120774,0.0017430668480185045
profession,film_and_television_occupations,103,0.4509281553398058,0.4037185916679197,0.725464077669903,0.20185929583395987,0.001424499405367137,0.006406798099718321,0.001424499405367137,0.006406798099718321,0.0001334911360669863,9.773059889749778e-05,0.0002103695969178694,0.00025205290723208433,0.00014167682269703398,9.928385613788795e-05,0.00024385759152033485,0.0005203282783143167,0.0003772225857936117,0.00231230312778888
profession,healthcare_occupations,224,0.3653044642857143,0.47849154153057255,0.6826522321428571,0.2392457707652863,0.0009153376088631506,0.001251846250959418,0.0009153376088631506,0.001251846250959418,0.00012396966716161323,1.18473506327366e-05,0.0001933021231447388,0.0001284338560235941,0.00013711405212494095,1.5089229403642986e-05,0.0001969105629931229,4.4707765816645305e-05,0.00015585939763695933,2.1931484856153596e-05
profession,industrial_occupations,45,0.2932088888888889,0.4882418359519567,0.6466044444444444,0.2441209179759784,0.0007068654690455231,0.00020265289853549194,0.0007068654690455231,0.00020265289853549194,0.00012438220243590574,1.06045729492397e-05,0.00017944974178034397,9.28428083762626e-06,0.00013555095518111355,1.1481244721629945e-05,0.0001889041702573498,1.157221790007484e-05,0.00014917787177384727,6.992092833041635e-06
profession,mental_health_occupations,147,0.469343537414966,0.4868805448370531,0.7346717687074831,0.24344027241852648,0.0010363639128033299,0.002184775434584274,0.0010363639128033299,0.002184775434584274,0.00012640664054019074,1.6613385208897046e-05,0.00019064866407096488,9.454619602550389e-05,0.00013855908472498016,2.2697386730273808e-05,0.00020105125153671672,7.0485785262966e-05,0.0001742966223839151,0.00020366178853761788
profession,metalworking_occupations,264,0.33001136363636363,0.40148755027556005,0.6650056818181818,0.20074377513778005,0.0007476601566657226,0.0009537699066416634,0.0007476601566657226,0.0009537699066416634,0.00012612223842249173,1.0150488765311254e-05,0.00018453203858481368,2.7836041195390983e-05,0.00013832682527043454,7.978521712662151e-05,0.00018673345750192476,3.9550245889025184e-05,0.0001497354151069885,2.4224562052964666e-05
profession,nursing_specialties,124,0.4979483870967742,0.46013722970433407,0.7489741935483871,0.230068614852167,0.0010582021908879641,0.0039981228206100485,0.0010582021908879641,0.0039981228206100485,0.00013116149843441353,3.412616943498115e-05,0.00031927481282881704,0.0015103274583703765,0.00014029388600442138,3.030439966057596e-05,0.00021712109141404772,0.00031772579557928207,0.0001608951484564797,9.015374550493894e-05
profession,professional_driver_types,26,0.2749653846153846,0.3935616240868082,0.6374826923076923,0.1967808120434041,0.0012263929731069277,0.0026657640275195493,0.0012263929731069277,0.0026657640275195493,0.00012490097007964953,1.9857405288649534e-05,0.00019097269082871766,5.857952697149921e-05,0.00017890590354979324,0.0002530912670483968,0.00020828982927084254,0.00011318431954742096,0.00016081422039021092,7.259533371704334e-05
profession,railway_industry_occupations,58,0.47497758620689656,0.44546476933297247,0.7374887931034483,0.22273238466648623,0.010226783710973466,0.07203911598239428,0.010226783710973466,0.07203911598239428,0.00013239413426068997,6.539475778267329e-05,0.0003521519666437284,0.0012649921294284972,0.00014262463496536305,8.310820322464556e-05,0.00284542993302176,0.020228124234011973,0.00020702190271675074,0.0004513877266805708
profession,scientific_occupations,348,0.21269224137931037,0.39887101281941295,0.6063461206896552,0.19943550640970648,0.0008250968365183357,0.0009640430228586924,0.0008250968365183357,0.0009640430228586924,0.00012532488396792705,1.5952564703333457e-05,0.00018873196836205027,4.920894253427142e-05,0.0001333614041847806,1.8076720511184493e-05,0.00019080134600584246,5.3478518302620805e-05,0.00016124328629658343,0.00017351605422988095
profession,sewing_occupations,350,0.2427602857142857,0.42584946032549714,0.6213801428571428,0.2129247301627486,0.002262031380253445,0.02136369781372168,0.002262031380253445,0.02136369781372168,0.00012454255775082857,5.3421899673451456e-05,0.0002582000651662903,0.0010918874767122256,0.00013371768688167713,4.041841098417081e-05,0.0004865420898256291,0.005067500780411572,0.00023239381644608718,0.001430714461622094
profession,theatre_personnel,356,0.43146769662921347,0.4032562911972639,0.7157338483146067,0.20162814559863193,0.0008234388717866158,0.001903132739674164,0.0008234388717866158,0.001903132739674164,0.00012440137513468482,9.683284118055556e-06,0.00018432745503999418,3.6184282618346157e-05,0.00013191705623826698,1.698794496954545e-05,0.00018996263462938944,5.218291348065459e-05,0.00015018006545207673,2.4861574145026415e-05
profession,writing_occupations,178,0.34052191011235955,0.48773843437306885,0.6702609550561798,0.24386921718653443,0.0010927632239155387,0.0020990534559927735,0.0010927632239155387,0.0020990534559927735,0.00012411310038597354,1.8942760207738315e-05,0.00020791841618549289,0.00020762557203045514,0.000132525595893568,1.6412837820108563e-05,0.0002073128157513729,0.0001715748241529551,0.00016608378750839782,0.0001312033088127433
race,African_Americans,783,0.31006743295019157,0.5196379987734089,0.6550337164750958,0.2598189993867044,0.0019155019010496856,0.010621501588494349,0.0019155019010496856,0.010621501588494349,0.00013245533213110362,0.00016278736875589513,0.0002834328242595751,0.0007707501435920987,0.00014094729843470036,0.00017625588638781804,0.00026537501035745246,0.0007135713179615906,0.0004073321408357847,0.0036240121494357956
race,Asian_Americans,364,0.45176703296703297,0.4590474649843172,0.7258835164835166,0.22952373249215857,0.0009717450153842507,0.0018675361230615065,0.0009717450153842507,0.0018675361230615065,0.00012277557371007688,1.2127450119817432e-05,0.00020084630531338197,8.89861359954008e-05,0.0001315614477629584,6.356755807581635e-05,0.000199985287158947,8.701646231663599e-05,0.00016061956401764682,7.513183420334991e-05
race,European_Americans,2044,0.2932773483365949,0.5196026488931453,0.6466386741682975,0.2598013244465726,0.0016162927316762817,0.009777875575117124,0.0016162927316762817,0.009777875575117124,0.0001258416312574188,9.980673638991949e-05,0.0003118283056906117,0.0024715135788870492,0.00016538185050345727,0.0010264391263926883,0.00024079518929650596,0.0005790003478554854,0.0002105899380523745,0.0012349597761571432
race,Hispanic_and_Latino_Americans,43,0.3690441860465116,0.563576100114399,0.6845220930232557,0.2817880500571995,0.0011786433846451515,0.0022343972673375795,0.0011786433846451515,0.0022343972673375795,0.00012105054067729344,1.0910953803321316e-05,0.0002046020682576264,7.492449678025891e-05,0.0001257255686606757,1.3624199235519381e-05,0.00023013149824015102,0.00024708330162372393,0.00015191397315627612,2.3168396101109516e-05
religious_ideology,atheism,12,-0.09312500000000001,0.37859067155822673,0.4534375,0.18929533577911337,0.0052783607291833805,0.006552977864441523,0.0052783607291833805,0.006552977864441523,0.00011230003110540565,1.482602796721346e-05,0.00024047112674452364,8.424675967507078e-05,0.00014321436719910707,4.738035665726969e-05,0.00038059397290150326,0.00036433428117918905,0.00031931865790587227,0.00024243780411871088
religious_ideology,buddhism,57,0.258959649122807,0.42920159509907335,0.6294798245614035,0.2146007975495367,0.0008052159284584617,0.0006608091757991051,0.0008052159284584617,0.0006608091757991051,0.0001220963622153361,7.3336549206855314e-06,0.00017917537734958163,1.6998038313112427e-05,0.00012898898306670353,1.7850973056641868e-05,0.00018467998648830281,2.0846560409035004e-05,0.00015669784803768589,2.5072702241080085e-05
religious_ideology,christianity,72,0.36975,0.4215698471858941,0.684875,0.210784923592947,0.0020401719456357467,0.006483713013166109,0.0020401719456357467,0.006483713013166109,0.00014998354991904408,0.00014441602999120878,0.0002252881175890151,0.00026135502267540144,0.0001534008059833367,0.0001343676198909345,0.0002587112580335492,0.00040113197145698624,0.0009054142079144691,0.004144625628831867
religious_ideology,hinduism,5,0.2412,0.35433575179481963,0.6205999999999999,0.1771678758974098,0.0015705018420703709,0.0012903554516234858,0.0015705018420703709,0.0012903554516234858,0.00012758615775965154,2.5310774358768293e-05,0.00020484632696025074,7.141776030760345e-05,0.00013624853745568543,3.756219628310205e-05,0.00023440897057298572,0.00010563055218061021,0.00028623099788092075,0.00020427878852040553
religious_ideology,islam,46,0.24907608695652173,0.5592908252360633,0.6245380434782608,0.27964541261803166,0.0031402876889130666,0.01581720797273902,0.0031402876889130666,0.01581720797273902,0.00014686990993061994,0.00013081822220843773,0.0002755747349431698,0.0006790710751243685,0.0002285967185225277,0.0006616396448617278,0.00023298245524410564,0.00032538493688494263,0.0004354688473698764,0.0015963378012983534
religious_ideology,judaism,40,0.3709425,0.46795846894810694,0.68547125,0.23397923447405347,0.0020993819285649805,0.005347615404992096,0.0020993819285649805,0.005347615404992096,0.00016441329153167318,0.00020709555539996,0.00024203539032896515,0.0003417709118910542,0.00016982321812974988,0.00018358347343615285,0.0002925054726802045,0.0005362964999279708,0.0012091640652215573,0.005987688470901399
religious_ideology,sikhism,38,0.42494736842105263,0.4420786188713021,0.7124736842105264,0.221039309435651,0.0008638668024152713,0.0006993584913323613,0.0008638668024152713,0.0006993584913323613,0.0001256911349819826,1.5648031460863374e-05,0.0001796810955918198,2.5432645426925853e-05,0.00013165694556511496,1.9359483149227652e-05,0.00019648557721857766,6.0572619104943034e-05,0.00020073411839180872,0.00021331643320385356
