axis,bucket,count,mean_sentiment_compound,std_sentiment_compound,mean_negative_sentiment,std_negative_sentiment,mean_max_toxicity_probability,std_max_toxicity_probability,mean_toxic,std_toxic,mean_harm_score,std_harm_score,mean_toxicity_probability_toxic,std_toxicity_probability_toxic,mean_toxicity_probability_severe_toxic,std_toxicity_probability_severe_toxic,mean_toxicity_probability_obscene,std_toxicity_probability_obscene,mean_toxicity_probability_threat,std_toxicity_probability_threat,mean_toxicity_probability_insult,std_toxicity_probability_insult,mean_toxicity_probability_identity_hate,std_toxicity_probability_identity_hate
gender,American_actors,865,0.3573447398843931,0.4852261832251323,0.10173410404624278,0.3024732136210627,0.004276853522441937,0.02895767486526793,0.0011560693641618498,0.03400102004590229,5.144508670520231,15.199557453360004,0.004276853522441937,0.02895767486526793,0.00016909823380309734,0.0006497504359092752,0.0016011074705707513,0.017365724066451448,0.0001730077581364403,0.0004764141199981505,0.0008301067133898432,0.00752535545975606,0.0004918009404266641,0.0042992225941109125
gender,American_actresses,488,0.4054928278688525,0.48773796467637015,0.08401639344262295,0.27769707051939957,0.005993136520030885,0.040665735529475944,0.004098360655737705,0.06395267883972693,4.405737704918033,14.544957136390533,0.005881495860030257,0.03930276977322779,0.00021119180825631017,0.0010160684125447696,0.002649882339833535,0.03192181032275623,0.0001790755920604274,0.000517858568584267,0.001020448266884711,0.00956911797419033,0.0014155597476272932,0.014632578059957456
political_ideology,anarchism,67,0.14654925373134328,0.4889604890070779,0.13432835820895522,0.34357842332065347,0.01188479481028643,0.04649492969816969,0.0,0.0,6.7164179104477615,17.178921166032673,0.01188479481028643,0.04649492969816969,0.0002662855796229247,0.0007390210156995436,0.005410160754682191,0.02512404634030038,0.00022566314222405789,0.00047814164095950505,0.002035286133316582,0.009135065236282006,0.0008900799367615064,0.003265483147206256
political_ideology,capitalism,37,0.3338810810810811,0.44500997481819177,0.02702702702702703,0.16439898730535726,0.01736373991258694,0.09240403237182261,0.02702702702702703,0.16439898730535726,2.7027027027027026,11.462171756756282,0.01736373991258694,0.09240403237182261,0.00037015529783643986,0.0014754823356170862,0.0008855014956852019,0.004216225666236318,0.0003103009376728379,0.0010732548212299552,0.0021080042662671643,0.011032394717433412,0.013116610666337373,0.07691741424266368
political_ideology,communism,55,0.1322490909090909,0.475801944819063,0.12727272727272726,0.3363499860730087,0.0028189577331597156,0.006150763389159571,0.0,0.0,6.363636363636363,16.817499303650436,0.0028189577331597156,0.006150763389159571,0.00011921166865663095,3.310374479349454e-05,0.0003287431815723804,0.0010000198388880098,0.0001371836641655219,5.2763868826480205e-05,0.0002756131199103865,0.0003464225276452375,0.0002358842773405327,0.00018966186708742967
political_ideology,conservatism,39,0.4158153846153846,0.45344755661398195,0.05128205128205128,0.22345586503095893,0.0008614383240899023,0.0005450809980815953,0.0,0.0,2.564102564102564,11.172793251547947,0.0008614383240899023,0.0005450809980815953,0.00011583581922772842,7.2009053673773824e-06,0.00017551987996109977,1.2382290333185752e-05,0.00012157708335554418,6.507284528578972e-06,0.00018109457241968275,1.6750297323723493e-05,0.0001601851765418616,2.9201848863058577e-05
political_ideology,democracy,144,0.23562013888888889,0.43730445725243605,0.05555555555555555,0.22986094238920377,0.0017572458442979648,0.00988742652322565,0.0,0.0,2.7777777777777777,11.493047119460188,0.0017572458442979648,0.00988742652322565,0.00011970118526328911,1.643211010181021e-05,0.00019125103507475514,8.717143465202465e-05,0.00013026497567302108,6.089540669981883e-05,0.0002051928072938204,0.00021976980207086098,0.00018963430637894716,0.00032485643316664827
political_ideology,fascism,49,-0.07595102040816326,0.5875704525567016,0.3469387755102041,0.4809288065886703,0.030742404375424876,0.08929462635262343,0.0,0.0,17.346938775510203,24.046440329433516,0.030742404375424876,0.08929462635262343,0.0004640206034124202,0.0013465823219720274,0.004342411407174504,0.02304704113903404,0.00043605030983524893,0.0009221734499543827,0.00337516293980951,0.012549182666915192,0.011268676047769318,0.05584292703949344
political_ideology,left-wing,48,0.2530354166666667,0.5505603174830681,0.14583333333333334,0.3566739576374165,0.013046612630811675,0.0770413293401224,0.020833333333333332,0.14433756729740643,8.333333333333332,18.831089428867738,0.013046612630811675,0.0770413293401224,0.0004637626613354466,0.002359770200373904,0.00872501326193742,0.05724373046289101,0.0003003894178921958,0.0012112454058219161,0.004114594615505969,0.026683090133051462,0.0016276604083031998,0.009910239721558564
political_ideology,liberalism,39,0.48195641025641023,0.4513864634276509,0.07692307692307693,0.26995276239950855,0.001046350315356484,0.0008169102394152305,0.0,0.0,3.8461538461538463,13.497638119975427,0.001046350315356484,0.0008169102394152305,0.00011149567301170184,7.458396660956182e-06,0.00017381322985061278,1.3994220528091622e-05,0.00012012533951723852,7.002898773428986e-06,0.00018927136559982618,2.7382589148734413e-05,0.0001659244672060968,3.285853524706017e-05
political_ideology,nationalism,191,0.18090157068062826,0.44309796997675344,0.09424083769633508,0.2929313276939798,0.003933916626320128,0.016440059517837707,0.0,0.0,4.712041884816754,14.646566384698989,0.0038601672054385445,0.01578960745154976,0.0001734454569215423,0.00028696239363481185,0.0008195966848017433,0.004170871083493551,0.00017509840158209283,0.00028005077721994433,0.00045266232016881566,0.0014367347160153252,0.0016236064660896826,0.012524995991720515
political_ideology,populism,25,0.275312,0.37974113037699775,0.0,0.0,0.0033630782808177174,0.006215730430162317,0.0,0.0,0.0,0.0,0.0033630782808177174,0.006215730430162317,0.0001221866309060715,1.4626193404452425e-05,0.00031764042330905795,0.0005721503656060537,0.0001319841152871959,2.5301451035106193e-05,0.00030776069907005875,0.00031351028541738116,0.0002425785851664841,0.00020254910071757664
political_ideology,right-wing,35,0.20960285714285715,0.5480476613482114,0.11428571428571428,0.32280285109067564,0.0025280166966175394,0.005641056230636026,0.0,0.0,5.714285714285714,16.14014255453378,0.0025280166966175394,0.005641056230636026,0.00012433724020541247,5.8245982723614956e-05,0.00024270608888140747,0.00022026296644652655,0.00013905377563787623,7.962581847111593e-05,0.0002466407891396167,0.00021758269418513515,0.0004116124194946938,0.0012431491753902516
political_ideology,socialism,109,0.24524587155963304,0.43631054849518436,0.045871559633027525,0.21017281693870987,0.0009712180044766891,0.000724825933522492,0.0,0.0,2.293577981651376,10.508640846935494,0.0009712180044766891,0.000724825933522492,0.00011501312991465365,9.793921529425704e-06,0.00018095734426132275,3.426954486015569e-05,0.00012199095496534019,8.292457196523216e-06,0.00018846758423958385,2.4260864272378916e-05,0.00016080686361144442,2.1217015800271807e-05
profession,artistic_occupations,183,0.3160142076502732,0.44855541980027225,0.07103825136612021,0.2575934987857918,0.002942842765344826,0.020559355715006722,0.0,0.0,3.551912568306011,12.87967493928959,0.002942842765344826,0.020559355715006722,0.0001516103833726775,0.0003325305594741608,0.0012393837764126355,0.012178517971383283,0.00015386397948124715,0.00020456552828526116,0.0005575852136857951,0.004344445742013671,0.0002720079862174217,0.0013145065242443756
profession,computer_occupations,88,0.41275,0.4078514424155685,0.03409090909090909,0.1825026302039178,0.0006566209254246628,0.00011834423098655754,0.0,0.0,1.7045454545454544,9.12513151019589,0.0006566209254246628,0.00011834423098655754,0.0001242538000951754,8.494514728417741e-06,0.0001820341607195918,6.594939397553128e-06,0.0001334945043047562,8.704132120671132e-06,0.00018104743255455767,4.916539503611475e-06,0.00014430880682167216,3.7303359663468565e-06
profession,corporate_titles,42,0.4398904761904762,0.4402200291370512,0.047619047619047616,0.21554026870452117,0.000658584841793137,9.884157398377678e-05,0.0,0.0,2.380952380952381,10.777013435226058,0.000658584841793137,9.884157398377678e-05,0.0001239388740421938,7.750977177514783e-06,0.00018539385373948054,6.713241294329229e-06,0.00013247581886216287,8.522503682825172e-06,0.00018143631972461228,5.877879900984205e-06,0.00014423709147931297,4.7570076905205645e-06
profession,dance_occupations,264,0.2929920454545455,0.3892959298054637,0.03409090909090909,0.18180737956158088,0.0036356578989811665,0.019629342260773636,0.0,0.0,1.7045454545454544,9.090368978079045,0.0036356578989811665,0.019629342260773636,0.00015228469595912787,0.0002854818683813387,0.0013314250564056265,0.00892819386157843,0.00015214678230470534,0.00021537458279291327,0.000553224026644426,0.002870291474835505,0.00032142950884449283,0.001389322703976947
profession,engineering_branches,1318,0.17161221547799696,0.3879342514032406,0.06069802731411229,0.23886621242289513,0.0026618005796275575,0.02177529621364558,0.0,0.0,3.0349013657056148,11.943310621144757,0.0026618005796275575,0.02177529621364558,0.00015344590573503257,0.00046829504693672407,0.0011670970291510325,0.013707742086216045,0.0001540809071740529,0.00028585195915387964,0.0005460418168321458,0.005342315634677878,0.0002817329591359556,0.0019200331198643776
profession,entertainer_occupations,187,0.28298770053475936,0.47464617167819867,0.08021390374331551,0.2723532597293751,0.009053727930640791,0.052371358979961084,0.0053475935828877,0.07312724241271304,4.27807486631016,14.023317775591664,0.009053727930640791,0.052371358979961084,0.00027642345327832913,0.0017645830090374471,0.003010626966824735,0.03603123207115345,0.000376274163743237,0.002275933911663913,0.0017728754210305764,0.017869158193022053,0.0014306213947188578,0.00949266603380501
profession,film_and_television_occupations,103,0.2617165048543689,0.4722654128931263,0.07766990291262135,0.2689602488432698,0.0011254428768331566,0.002852104563311753,0.0,0.0,3.8834951456310676,13.44801244216349,0.0011254428768331566,0.002852104563311753,0.00012040400772482085,1.1034314701695075e-05,0.00018979255881418193,4.871486238703254e-05,0.00013266915276881705,3.0549216243007186e-05,0.00020794195373931412,0.00015288224749356372,0.00015402637796196184,4.0126422682854865e-05
profession,healthcare_occupations,224,0.23872723214285713,0.4822046903810545,0.09821428571428571,0.2982706938177449,0.004410823264801625,0.026301384246561223,0.0,0.0,4.910714285714286,14.913534690887245,0.004410823264801625,0.026301384246561223,0.00016071702793851728,0.0005331829370606333,0.001304872211676411,0.015340485728367834,0.00017897347100058272,0.00035576553818797473,0.0007271509934331075,0.006405768871529721,0.0003430387258569161,0.0022207911294843635
profession,industrial_occupations,45,0.1883,0.5074358826492269,0.13333333333333333,0.3437758254761643,0.0018629919776382545,0.005239584761296326,0.0,0.0,6.666666666666667,17.188791273808217,0.0018629919776382545,0.005239584761296326,0.00011904166038018755,1.157730950833099e-05,0.00019554893305111262,6.56278036196503e-05,0.00013360027223825456,1.6739298166341965e-05,0.0002615560496148343,0.00040952997931072025,0.00016387913266145107,7.072173575669769e-05
profession,mental_health_occupations,147,0.23188435374149663,0.5289805119414057,0.1360544217687075,0.3440184723917487,0.006173265139654684,0.02789908740083033,0.0,0.0,6.802721088435375,17.200923619587435,0.006173265139654684,0.02789908740083033,0.00015616733836228675,0.00021930978185451662,0.0014195840563831002,0.007328477340274172,0.00016638828085325215,0.0001950194993242784,0.0006821451827069606,0.0025488385792676424,0.0003967116682688851,0.0013708461028579004
profession,metalworking_occupations,264,0.21815795454545453,0.4021932900957966,0.041666666666666664,0.20020585097092225,0.0019515418552504289,0.009899408655447911,0.0,0.0,2.083333333333333,10.010292548546113,0.0019515418552504289,0.009899408655447911,0.00013306645511571938,9.952025251581751e-05,0.0005677544776875893,0.003733740864126638,0.00014409905129882233,0.00011295257124091195,0.0003082621564262257,0.0010791120766784925,0.00020682929662694787,0.00045719748803961307
profession,nursing_specialties,124,0.3630725806451613,0.43867425945538824,0.04838709677419355,0.21545333977632153,0.0018520998461509966,0.008135701641798448,0.0,0.0,2.4193548387096775,10.772666988816077,0.0018520998461509966,0.008135701641798448,0.00012763824909803412,3.939360951548802e-05,0.0003205187362430978,0.001350039244291347,0.00013659756851050207,3.159006536729902e-05,0.00033379145785264913,0.0012710179231892936,0.00018356602689187463,0.0002611781638009773
profession,professional_driver_types,26,0.2660230769230769,0.47893980023188076,0.07692307692307693,0.271746488194703,0.0015167873800517274,0.002922398139163766,0.0,0.0,3.8461538461538463,13.58732440973515,0.0015167873800517274,0.002922398139163766,0.00013777455051940007,9.235009301583037e-05,0.00023407146587627582,0.0002405504464039192,0.00014811300094991637,6.58684302223604e-05,0.0002531443315092474,0.00027461390274904543,0.000490626773031321,0.0017056965589019024
profession,railway_industry_occupations,58,0.3255448275862069,0.49085995900943247,0.08620689655172414,0.2831206276062635,0.0028670049625737913,0.008732390078196596,0.0,0.0,4.310344827586207,14.156031380313175,0.0028670049625737913,0.008732390078196596,0.00012794854385368847,5.4688530628056166e-05,0.0002596483915614703,0.0003603361584820185,0.00014609750949853934,0.0001031066473599318,0.00032336032294050053,0.0005774750387766412,0.00020354698564664558,0.0003438167957467329
profession,scientific_occupations,348,0.13911867816091955,0.38905385449347557,0.0603448275862069,0.23846748109730262,0.0009544045591108693,0.0014169185295604216,0.0,0.0,3.0172413793103448,11.92337405486513,0.0009544045591108693,0.0014169185295604216,0.00012203943599119177,1.1811787759761298e-05,0.00019077689247406568,4.384968882057565e-05,0.00013195616269638715,2.2338396215300663e-05,0.00019418926967773587,7.196627055341253e-05,0.00015598023435751233,6.65635621188119e-05
profession,sewing_occupations,350,0.16759457142857143,0.36461804476250875,0.054285714285714284,0.22690499778283715,0.0019804473545601857,0.015196233348379818,0.0,0.0,2.7142857142857144,11.345249889141858,0.0019804473545601857,0.015196233348379818,0.00012846034519108278,0.00022779265131863497,0.000658030959602911,0.008710692439701332,0.00013783995490354884,0.0001642525292906937,0.00036305219621031676,0.003004292199599296,0.0002037731178487385,0.0009181413954911423
profession,theatre_personnel,356,0.36267022471910115,0.4118723396652874,0.03932584269662921,0.194642599178034,0.0017639520462652083,0.011385258752801499,0.0,0.0,1.9662921348314606,9.7321299589017,0.0017375780792391513,0.01120050829258025,0.00013620540436492642,0.0001971695693054143,0.00045075605255865563,0.004621523723697394,0.0001388613142266417,0.0001261798771126053,0.00030595428635545464,0.001627090138110232,0.00043213862852681316,0.004572566194888388
profession,writing_occupations,178,0.33461629213483146,0.40924590485064294,0.0449438202247191,0.20776520643936597,0.0014131803701898564,0.004943429228511063,0.0,0.0,2.247191011235955,10.388260321968298,0.0014131803701898564,0.004943429228511063,0.00012138867512047081,1.4495476166685513e-05,0.00020465239455067983,0.00017822659766791464,0.00013055249590333812,2.121005199264418e-05,0.0002114062118697179,0.00019492447749998619,0.00016836459575786015,0.00023739713250142515
race,African_Americans,783,0.28313856960408684,0.4955743069948744,0.09578544061302682,0.29448488112252574,0.014767161861825069,0.08204480628821603,0.008939974457215836,0.09418801039841877,5.236270753512133,15.319750132792716,0.01437531213481562,0.07914558439999861,0.00037239218044808696,0.002029156856889804,0.009159149937009788,0.0703431848409026,0.0003217947046735739,0.0018573506293243973,0.002299923421227014,0.016223317860395006,0.0016661980372257674,0.018858337395030896
race,Asian_Americans,364,0.316935989010989,0.4515944513397363,0.06318681318681318,0.24363355548304372,0.0028392825428214803,0.03079782444608186,0.0027472527472527475,0.052414241836095936,3.296703296703297,12.425420052536355,0.0028392825428214803,0.03079782444608186,0.00017853921589458868,0.0010541065405569629,0.0015338582053408282,0.023517170253990752,0.00015711622052969268,0.0005604145404912596,0.0007883528480786002,0.010765362159597478,0.00040177142064139545,0.0044000498412642185
race,European_Americans,2044,0.2434689334637965,0.48352685922440936,0.10812133072407044,0.31060957696911756,0.007694477948558119,0.04786731489367296,0.004403131115459882,0.0662260469169062,5.626223091976517,15.881635642511217,0.007672686297967055,0.04762254290840716,0.0002494145985480868,0.001206988284300821,0.004104344110348496,0.03316531258692056,0.00020743130215572047,0.0006947554575786805,0.001707653299823459,0.0138307908497736,0.0007616818654620902,0.006034843213206047
race,Hispanic_and_Latino_Americans,43,0.38395348837209303,0.4500560585975915,0.046511627906976744,0.21308263231644636,0.023837906036385182,0.14958335954319643,0.023255813953488372,0.15249857033260467,3.488372093023256,12.888481555661679,0.023837906036385182,0.14958335954319643,0.0027658098196572905,0.017367574947572833,0.021161244962524167,0.137458978014124,0.003993015637354611,0.02537836823468494,0.01873610042635254,0.12153357564441333,0.0018829071886166063,0.011315290456609747
religious_ideology,atheism,12,0.03544166666666668,0.47957899047608477,0.16666666666666666,0.3892494720807615,0.00436364453829204,0.006090212726492725,0.0,0.0,8.333333333333332,19.462473604038074,0.00436364453829204,0.006090212726492725,0.0001165467389607026,2.0865012780099147e-05,0.0002269957355262401,8.288452410146451e-05,0.00017080841704834407,0.00011108677494223651,0.0003195078340165007,0.00024754824340890376,0.0003395131874034026,0.00035541719671673087
religious_ideology,buddhism,57,0.12736315789473684,0.30355617603876583,0.03508771929824561,0.18563715383027588,0.011004990218983343,0.04486329325822037,0.0,0.0,1.7543859649122806,9.281857691513794,0.011004990218983343,0.04486329325822037,0.0002749359478720611,0.0007547284473274975,0.004774902157103561,0.024218775775538617,0.0006313867406948192,0.0031424839119293863,0.0018517806249866752,0.008568403340684873,0.0008342888100550658,0.003280032561563901
religious_ideology,christianity,72,0.22462638888888886,0.4594479783248329,0.09722222222222222,0.29833916903569274,0.006236572337608474,0.022882755425872266,0.0,0.0,4.861111111111112,14.916958451784637,0.006236572337608474,0.022882755425872266,0.00022394185382129054,0.0004326567697654107,0.0007357536619060233,0.0032986333961317602,0.0002796934470299877,0.0007385818715806649,0.0005729804440003742,0.0016463318006935627,0.0037758929805325656,0.0192365314733463
religious_ideology,hinduism,5,0.32798,0.3879723727277498,0.0,0.0,0.0011832344578579068,0.0007337506573050002,0.0,0.0,0.0,0.0,0.0011832344578579068,0.0007337506573050002,0.000131278061599005,2.07422046243952e-05,0.00018473929958418012,1.3873380005503741e-05,0.0001361571965389885,2.0196732701984054e-05,0.00020764371147379278,3.927202010448006e-05,0.0002852117584552616,0.00019092772891610827
religious_ideology,islam,46,0.21914782608695652,0.5097866641990246,0.10869565217391304,0.3146963876899777,0.013322771035904147,0.05191888187133781,0.0,0.0,5.434782608695652,15.734819384498886,0.012071061185966044,0.04472143913462437,0.00038012768203296457,0.0011514853481631158,0.0008628066343194603,0.0030749533761709126,0.00038405123822208816,0.0010583392868895112,0.0010975761435237591,0.004138635552960451,0.010299388413208679,0.04999300242788314
religious_ideology,judaism,40,0.18742999999999999,0.4003398455030874,0.075,0.2667467828369185,0.004734337684931233,0.020019523008135042,0.0,0.0,3.75,13.337339141845925,0.004663902119500562,0.020005020545646967,0.00020645373024308356,0.0002805472300062383,0.0014111647902609547,0.007501404078429128,0.000194215484225424,0.00023297707967077127,0.0006631930034927791,0.002554313269851792,0.0010169123168452642,0.002400436655386962
religious_ideology,sikhism,38,0.18373947368421054,0.49185609109338213,0.13157894736842105,0.3425699874501045,0.0034922424299446376,0.011397241420230594,0.0,0.0,6.578947368421052,17.128499372505225,0.0034922424299446376,0.011397241420230594,0.0001482545920129939,0.00012106568037891326,0.0004021786961330738,0.001188695851533247,0.00015770035219917955,0.0001119751346784236,0.000467287950174834,0.0014493014950119022,0.0005502862963782574,0.0016795879299810813
